-- phpMyAdmin SQL Dump
-- version 5.2.1
-- https://www.phpmyadmin.net/
--
-- Servidor: 127.0.0.1
-- Tiempo de generación: 27-11-2025 a las 02:53:42
-- Versión del servidor: 10.4.32-MariaDB
-- Versión de PHP: 8.2.12

SET SQL_MODE = "NO_AUTO_VALUE_ON_ZERO";
START TRANSACTION;
SET time_zone = "+00:00";


/*!40101 SET @OLD_CHARACTER_SET_CLIENT=@@CHARACTER_SET_CLIENT */;
/*!40101 SET @OLD_CHARACTER_SET_RESULTS=@@CHARACTER_SET_RESULTS */;
/*!40101 SET @OLD_COLLATION_CONNECTION=@@COLLATION_CONNECTION */;
/*!40101 SET NAMES utf8mb4 */;

--
-- Base de datos: `laboratorio_virtual`
--

-- --------------------------------------------------------

--
-- Estructura de tabla para la tabla `int_proceso`
--

CREATE TABLE `int_proceso` (
  `id` int(10) UNSIGNED NOT NULL,
  `int_proceso_tipo_id` int(10) UNSIGNED NOT NULL,
  `nombre` varchar(255) NOT NULL,
  `descripcion` varchar(500) NOT NULL,
  `tiempo_muestreo` int(11) NOT NULL,
  `tiempo_muestreo_2` int(11) NOT NULL,
  `archivo_especificaciones` varchar(500) NOT NULL,
  `archivo_manual` varchar(500) NOT NULL
) ENGINE=InnoDB DEFAULT CHARSET=utf8 COLLATE=utf8_unicode_ci;

--
-- Volcado de datos para la tabla `int_proceso`
--

INSERT INTO `int_proceso` (`id`, `int_proceso_tipo_id`, `nombre`, `descripcion`, `tiempo_muestreo`, `tiempo_muestreo_2`, `archivo_especificaciones`, `archivo_manual`) VALUES
(1, 1, 'Control de nivel', 'Control de nivel de uno o dos tanques acoplados', 0, 0, 'controlNivel.txt', 'guiaControlNivel.pdf'),
(2, 2, 'Control de temperatura', 'Control de temperatura en un tanque', 1, 0, 'controlTemperatura.txt', 'guiaControlTemperatura.pdf'),
(3, 3, 'Arduino Uno', 'Proceso de lectura de 8 canales analógicos, 4 digitales y generación de 4 salidas digitales.', 200, 400, 'https://docs.arduino.cc/resources/schematics/A000066-schematics.pdf', 'https://docs.arduino.cc/resources/datasheets/A000066-datasheet.pdf');

-- --------------------------------------------------------

--
-- Estructura de tabla para la tabla `int_proceso_control`
--

CREATE TABLE `int_proceso_control` (
  `id` int(10) UNSIGNED NOT NULL,
  `int_proceso_id` int(10) UNSIGNED NOT NULL,
  `nombre` varchar(80) NOT NULL,
  `descripcion` blob NOT NULL,
  `parametro1` float(5,5) NOT NULL,
  `parametro2` float(5,5) NOT NULL,
  `parametro3` float(5,5) NOT NULL,
  `parametro4` float(5,5) NOT NULL
) ENGINE=InnoDB DEFAULT CHARSET=utf8 COLLATE=utf8_unicode_ci;

--
-- Volcado de datos para la tabla `int_proceso_control`
--

INSERT INTO `int_proceso_control` (`id`, `int_proceso_id`, `nombre`, `descripcion`, `parametro1`, `parametro2`, `parametro3`, `parametro4`) VALUES
(1, 1, 'Control RST', 0x436f6e74726f6c206469676974616c207469706f20525354, 0.10000, 0.20000, 0.30000, 0.00000),
(2, 2, 'Control PID', 0x436f6e74726f6c20616e616cc3b36769636f207469706f20504944, 0.99999, 0.10000, 0.50000, 0.00000);

-- --------------------------------------------------------

--
-- Estructura de tabla para la tabla `int_proceso_refs`
--

CREATE TABLE `int_proceso_refs` (
  `id` int(10) UNSIGNED NOT NULL,
  `int_proceso_id` int(10) UNSIGNED NOT NULL,
  `nombre` varchar(80) NOT NULL,
  `descripcion` varchar(500) NOT NULL,
  `max_2` int(11) NOT NULL,
  `min` int(11) NOT NULL
) ENGINE=InnoDB DEFAULT CHARSET=utf8 COLLATE=utf8_unicode_ci;

--
-- Volcado de datos para la tabla `int_proceso_refs`
--

INSERT INTO `int_proceso_refs` (`id`, `int_proceso_id`, `nombre`, `descripcion`, `max_2`, `min`) VALUES
(1, 1, 'Nivel Tanque 1', 'Nivel deseado del tanque No. 1', 1, 0),
(2, 1, 'Nivel Tanque 2', 'Nivel deseado del tanque No. 2', 1, 0),
(3, 2, 'Temperatura Tanque 1', 'Temperatura deseada del tanque No. 1', 1, 0),
(4, 3, 'DOUT0', 'Digital out 0', 1, 0),
(5, 3, 'DOUT1', 'Digital out 1', 1, 0),
(6, 3, 'DOUT2', 'Digital out 2', 1, 0),
(7, 3, 'DOUT3', 'Digital out 3', 1, 0);

-- --------------------------------------------------------

--
-- Estructura de tabla para la tabla `int_proceso_refs_data`
--

CREATE TABLE `int_proceso_refs_data` (
  `id` int(10) UNSIGNED NOT NULL,
  `int_proceso_refs_id` int(10) UNSIGNED NOT NULL,
  `valor` int(11) NOT NULL,
  `tiempo` int(11) NOT NULL,
  `fecha` date NOT NULL,
  `hora` time NOT NULL
) ENGINE=InnoDB DEFAULT CHARSET=utf8 COLLATE=utf8_unicode_ci;

--
-- Volcado de datos para la tabla `int_proceso_refs_data`
--

INSERT INTO `int_proceso_refs_data` (`id`, `int_proceso_refs_id`, `valor`, `tiempo`, `fecha`, `hora`) VALUES
(33, 4, 1, -1023865661, '2025-11-26', '20:41:32'),
(34, 5, 0, -1023865661, '2025-11-26', '20:41:32'),
(35, 6, 0, -1023865661, '2025-11-26', '20:41:32'),
(36, 7, 0, -1023865661, '2025-11-26', '20:41:32'),
(37, 4, 1, -1023863816, '2025-11-26', '20:41:34'),
(38, 5, 0, -1023863816, '2025-11-26', '20:41:34'),
(39, 6, 0, -1023863816, '2025-11-26', '20:41:34'),
(40, 7, 1, -1023863816, '2025-11-26', '20:41:34'),
(41, 4, 1, -1023860425, '2025-11-26', '20:41:38'),
(42, 5, 0, -1023860425, '2025-11-26', '20:41:38'),
(43, 6, 1, -1023860425, '2025-11-26', '20:41:38'),
(44, 7, 1, -1023860425, '2025-11-26', '20:41:38'),
(45, 4, 1, -1023859306, '2025-11-26', '20:41:39'),
(46, 5, 1, -1023859306, '2025-11-26', '20:41:39'),
(47, 6, 1, -1023859306, '2025-11-26', '20:41:39'),
(48, 7, 1, -1023859306, '2025-11-26', '20:41:39');

-- --------------------------------------------------------

--
-- Estructura de tabla para la tabla `int_proceso_tipo`
--

CREATE TABLE `int_proceso_tipo` (
  `id` int(10) UNSIGNED NOT NULL,
  `nombre` varchar(80) NOT NULL,
  `descripcion` blob NOT NULL
) ENGINE=InnoDB DEFAULT CHARSET=utf8 COLLATE=utf8_unicode_ci;

--
-- Volcado de datos para la tabla `int_proceso_tipo`
--

INSERT INTO `int_proceso_tipo` (`id`, `nombre`, `descripcion`) VALUES
(1, 'Digital', 0x436f6e74726f6c204469676974616c20646520756e2070726f6365736f),
(2, 'Analógico', 0x436f6e74726f6c20416e616cc3b36769636f20646520756e2070726f6365736f),
(3, 'Hibrido', 0x436f6e74726f6c204469676974616c207920416e616cc3b36769636f20646520756e2070726f6365736f);

-- --------------------------------------------------------

--
-- Estructura de tabla para la tabla `int_proceso_vars`
--

CREATE TABLE `int_proceso_vars` (
  `id` int(10) UNSIGNED NOT NULL,
  `int_proceso_id` int(10) UNSIGNED NOT NULL,
  `nombre` varchar(80) NOT NULL,
  `descripcion` varchar(500) NOT NULL,
  `max_2` int(11) NOT NULL,
  `min` int(11) NOT NULL
) ENGINE=InnoDB DEFAULT CHARSET=utf8 COLLATE=utf8_unicode_ci;

--
-- Volcado de datos para la tabla `int_proceso_vars`
--

INSERT INTO `int_proceso_vars` (`id`, `int_proceso_id`, `nombre`, `descripcion`, `max_2`, `min`) VALUES
(1, 1, 'Error Nivel Tanque 1', 'Error del nivel en el tanque No. 1', 1, 0),
(2, 1, 'Error Nivel Tanque 2', 'Error del nivel en el tanque No. 2', 1, 0),
(3, 1, 'Salida Controlador Nivel Tanque 1', 'Salida Controlador del nivel en el tanque No. 1', 1, 0),
(4, 1, 'Salida Controlador Nivel Tanque 2', 'Salida Controlador del nivel en el tanque No. 2', 1, 0),
(5, 1, 'Medida Nivel Tanque 1', 'Medida del nivel en el tanque No. 1', 1, 0),
(6, 1, 'Medida Nivel Tanque 2', 'Medida del nivel en el tanque No. 2', 1, 0),
(7, 2, 'Error Temperatura Tanque 1', 'Error del temperatura en el tanque No. 1', 1, 0),
(8, 2, 'Salida Controlador Temperatura Tanque 1', 'Salida Controlador del temperatura en el tanque No. 1', 1, 0),
(9, 2, 'Medida Temperatura Tanque 1', 'Medida del temperatura en el tanque No. 1', 1, 0),
(10, 3, 'ADC0', 'Canal analógico 0', 1023, 0),
(11, 3, 'ADC1', 'Canal analógico 1', 1023, 0),
(12, 3, 'ADC2', 'Canal analógico 2', 1023, 0),
(13, 3, 'ADC3', 'Canal analógico 3', 1023, 0),
(14, 3, 'ADC4', 'Canal analógico 4', 1023, 0),
(15, 3, 'ADC5', 'Canal analógico 5', 1023, 0),
(16, 3, 'ADC6', 'Canal analógico 6', 1023, 0),
(17, 3, 'ADC7', 'Canal analógico 7', 1023, 0),
(18, 3, 'DIN0', 'Digital in 0', 1, 0),
(19, 3, 'DIN1', 'Digital in 1', 1, 0),
(20, 3, 'DIN2', 'Digital in 2', 1, 0),
(21, 3, 'DIN3', 'Digital in 3', 1, 0);

-- --------------------------------------------------------

--
-- Estructura de tabla para la tabla `int_proceso_vars_data`
--

CREATE TABLE `int_proceso_vars_data` (
  `id` int(10) UNSIGNED NOT NULL,
  `int_proceso_vars_id` int(10) UNSIGNED NOT NULL,
  `valor` int(11) NOT NULL,
  `tiempo` int(11) NOT NULL,
  `fecha` date NOT NULL,
  `hora` time NOT NULL
) ENGINE=InnoDB DEFAULT CHARSET=utf8 COLLATE=utf8_unicode_ci;

--
-- Volcado de datos para la tabla `int_proceso_vars_data`
--

INSERT INTO `int_proceso_vars_data` (`id`, `int_proceso_vars_id`, `valor`, `tiempo`, `fecha`, `hora`) VALUES
(73573, 10, 6, 169, '2025-11-26', '20:48:07'),
(73574, 11, 296, 169, '2025-11-26', '20:48:07'),
(73575, 12, 248, 169, '2025-11-26', '20:48:07'),
(73576, 13, 368, 169, '2025-11-26', '20:48:07'),
(73577, 14, 3, 169, '2025-11-26', '20:48:07'),
(73578, 15, 148, 169, '2025-11-26', '20:48:07'),
(73579, 16, 124, 169, '2025-11-26', '20:48:07'),
(73580, 17, 184, 169, '2025-11-26', '20:48:07'),
(73581, 18, 0, 169, '2025-11-26', '20:48:07'),
(73582, 19, 0, 169, '2025-11-26', '20:48:07'),
(73583, 20, 1, 169, '2025-11-26', '20:48:07'),
(73584, 21, 0, 169, '2025-11-26', '20:48:07'),
(73585, 10, 4, 215, '2025-11-26', '20:48:07'),
(73586, 11, 295, 215, '2025-11-26', '20:48:07'),
(73587, 12, 248, 215, '2025-11-26', '20:48:07'),
(73588, 13, 368, 215, '2025-11-26', '20:48:07'),
(73589, 14, 2, 215, '2025-11-26', '20:48:07'),
(73590, 15, 147, 215, '2025-11-26', '20:48:07'),
(73591, 16, 124, 215, '2025-11-26', '20:48:07'),
(73592, 17, 184, 215, '2025-11-26', '20:48:07'),
(73593, 18, 0, 215, '2025-11-26', '20:48:07'),
(73594, 19, 0, 215, '2025-11-26', '20:48:07'),
(73595, 20, 1, 215, '2025-11-26', '20:48:07'),
(73596, 21, 0, 215, '2025-11-26', '20:48:07'),
(73597, 10, 4, 261, '2025-11-26', '20:48:07'),
(73598, 11, 296, 261, '2025-11-26', '20:48:07'),
(73599, 12, 249, 261, '2025-11-26', '20:48:07'),
(73600, 13, 369, 261, '2025-11-26', '20:48:07'),
(73601, 14, 2, 261, '2025-11-26', '20:48:07'),
(73602, 15, 148, 261, '2025-11-26', '20:48:07'),
(73603, 16, 124, 261, '2025-11-26', '20:48:07'),
(73604, 17, 184, 261, '2025-11-26', '20:48:07'),
(73605, 18, 0, 261, '2025-11-26', '20:48:07'),
(73606, 19, 0, 261, '2025-11-26', '20:48:07'),
(73607, 20, 1, 261, '2025-11-26', '20:48:07'),
(73608, 21, 0, 261, '2025-11-26', '20:48:07'),
(73609, 10, 6, 308, '2025-11-26', '20:48:07'),
(73610, 11, 296, 308, '2025-11-26', '20:48:07'),
(73611, 12, 248, 308, '2025-11-26', '20:48:07'),
(73612, 13, 368, 308, '2025-11-26', '20:48:07'),
(73613, 14, 3, 308, '2025-11-26', '20:48:07'),
(73614, 15, 148, 308, '2025-11-26', '20:48:07'),
(73615, 16, 124, 308, '2025-11-26', '20:48:07'),
(73616, 17, 184, 308, '2025-11-26', '20:48:07'),
(73617, 18, 0, 308, '2025-11-26', '20:48:07'),
(73618, 19, 0, 308, '2025-11-26', '20:48:07'),
(73619, 20, 1, 308, '2025-11-26', '20:48:07'),
(73620, 21, 0, 308, '2025-11-26', '20:48:07'),
(73621, 10, 6, 370, '2025-11-26', '20:48:07'),
(73622, 11, 296, 370, '2025-11-26', '20:48:07'),
(73623, 12, 248, 370, '2025-11-26', '20:48:07'),
(73624, 13, 368, 370, '2025-11-26', '20:48:07'),
(73625, 14, 3, 370, '2025-11-26', '20:48:07'),
(73626, 15, 148, 370, '2025-11-26', '20:48:07'),
(73627, 16, 124, 370, '2025-11-26', '20:48:07'),
(73628, 17, 184, 370, '2025-11-26', '20:48:07'),
(73629, 18, 0, 370, '2025-11-26', '20:48:07'),
(73630, 19, 0, 370, '2025-11-26', '20:48:07'),
(73631, 20, 1, 370, '2025-11-26', '20:48:07'),
(73632, 21, 0, 370, '2025-11-26', '20:48:07'),
(73633, 10, 5, 464, '2025-11-26', '20:48:07'),
(73634, 11, 295, 464, '2025-11-26', '20:48:07'),
(73635, 12, 248, 464, '2025-11-26', '20:48:07'),
(73636, 13, 368, 464, '2025-11-26', '20:48:07'),
(73637, 14, 2, 464, '2025-11-26', '20:48:07'),
(73638, 15, 147, 464, '2025-11-26', '20:48:07'),
(73639, 16, 124, 464, '2025-11-26', '20:48:07'),
(73640, 17, 184, 464, '2025-11-26', '20:48:07'),
(73641, 18, 0, 464, '2025-11-26', '20:48:07'),
(73642, 19, 0, 464, '2025-11-26', '20:48:07'),
(73643, 20, 1, 464, '2025-11-26', '20:48:07'),
(73644, 21, 0, 464, '2025-11-26', '20:48:07'),
(73645, 10, 5, 511, '2025-11-26', '20:48:07'),
(73646, 11, 296, 511, '2025-11-26', '20:48:07'),
(73647, 12, 248, 511, '2025-11-26', '20:48:07'),
(73648, 13, 368, 511, '2025-11-26', '20:48:07'),
(73649, 14, 2, 511, '2025-11-26', '20:48:07'),
(73650, 15, 148, 511, '2025-11-26', '20:48:07'),
(73651, 16, 124, 511, '2025-11-26', '20:48:07'),
(73652, 17, 184, 511, '2025-11-26', '20:48:07'),
(73653, 18, 0, 511, '2025-11-26', '20:48:07'),
(73654, 19, 0, 511, '2025-11-26', '20:48:07'),
(73655, 20, 1, 511, '2025-11-26', '20:48:07'),
(73656, 21, 0, 511, '2025-11-26', '20:48:07'),
(73657, 10, 5, 573, '2025-11-26', '20:48:07'),
(73658, 11, 296, 573, '2025-11-26', '20:48:07'),
(73659, 12, 248, 573, '2025-11-26', '20:48:07'),
(73660, 13, 368, 573, '2025-11-26', '20:48:07'),
(73661, 14, 2, 573, '2025-11-26', '20:48:07'),
(73662, 15, 148, 573, '2025-11-26', '20:48:07'),
(73663, 16, 124, 573, '2025-11-26', '20:48:07'),
(73664, 17, 184, 573, '2025-11-26', '20:48:07'),
(73665, 18, 0, 573, '2025-11-26', '20:48:07'),
(73666, 19, 0, 573, '2025-11-26', '20:48:07'),
(73667, 20, 1, 573, '2025-11-26', '20:48:07'),
(73668, 21, 0, 573, '2025-11-26', '20:48:07'),
(73669, 10, 6, 665, '2025-11-26', '20:48:07'),
(73670, 11, 296, 665, '2025-11-26', '20:48:07'),
(73671, 12, 248, 665, '2025-11-26', '20:48:07'),
(73672, 13, 368, 665, '2025-11-26', '20:48:07'),
(73673, 14, 3, 665, '2025-11-26', '20:48:07'),
(73674, 15, 148, 665, '2025-11-26', '20:48:07'),
(73675, 16, 124, 665, '2025-11-26', '20:48:07'),
(73676, 17, 184, 665, '2025-11-26', '20:48:07'),
(73677, 18, 0, 665, '2025-11-26', '20:48:07'),
(73678, 19, 0, 665, '2025-11-26', '20:48:07'),
(73679, 20, 1, 665, '2025-11-26', '20:48:07'),
(73680, 21, 0, 665, '2025-11-26', '20:48:07'),
(73681, 10, 6, 711, '2025-11-26', '20:48:07'),
(73682, 11, 296, 711, '2025-11-26', '20:48:07'),
(73683, 12, 248, 711, '2025-11-26', '20:48:07'),
(73684, 13, 368, 711, '2025-11-26', '20:48:07'),
(73685, 14, 3, 711, '2025-11-26', '20:48:07'),
(73686, 15, 148, 711, '2025-11-26', '20:48:07'),
(73687, 16, 124, 711, '2025-11-26', '20:48:07'),
(73688, 17, 184, 711, '2025-11-26', '20:48:07'),
(73689, 18, 0, 711, '2025-11-26', '20:48:07'),
(73690, 19, 0, 711, '2025-11-26', '20:48:07'),
(73691, 20, 1, 711, '2025-11-26', '20:48:07'),
(73692, 21, 0, 711, '2025-11-26', '20:48:07'),
(73693, 10, 5, 775, '2025-11-26', '20:48:07'),
(73694, 11, 296, 775, '2025-11-26', '20:48:07'),
(73695, 12, 248, 775, '2025-11-26', '20:48:07'),
(73696, 13, 368, 775, '2025-11-26', '20:48:07'),
(73697, 14, 2, 775, '2025-11-26', '20:48:07'),
(73698, 15, 148, 775, '2025-11-26', '20:48:07'),
(73699, 16, 124, 775, '2025-11-26', '20:48:07'),
(73700, 17, 184, 775, '2025-11-26', '20:48:07'),
(73701, 18, 0, 775, '2025-11-26', '20:48:07'),
(73702, 19, 0, 775, '2025-11-26', '20:48:07'),
(73703, 20, 1, 775, '2025-11-26', '20:48:07'),
(73704, 21, 0, 775, '2025-11-26', '20:48:07'),
(73705, 10, 6, 822, '2025-11-26', '20:48:07'),
(73706, 11, 295, 822, '2025-11-26', '20:48:07'),
(73707, 12, 248, 822, '2025-11-26', '20:48:07'),
(73708, 13, 368, 822, '2025-11-26', '20:48:07'),
(73709, 14, 3, 822, '2025-11-26', '20:48:07'),
(73710, 15, 147, 822, '2025-11-26', '20:48:07'),
(73711, 16, 124, 822, '2025-11-26', '20:48:07'),
(73712, 17, 184, 822, '2025-11-26', '20:48:07'),
(73713, 18, 0, 822, '2025-11-26', '20:48:07'),
(73714, 19, 0, 822, '2025-11-26', '20:48:07'),
(73715, 20, 1, 822, '2025-11-26', '20:48:07'),
(73716, 21, 0, 822, '2025-11-26', '20:48:07'),
(73717, 10, 5, 869, '2025-11-26', '20:48:08'),
(73718, 11, 296, 869, '2025-11-26', '20:48:08'),
(73719, 12, 249, 869, '2025-11-26', '20:48:08'),
(73720, 13, 368, 869, '2025-11-26', '20:48:08'),
(73721, 14, 2, 869, '2025-11-26', '20:48:08'),
(73722, 15, 148, 869, '2025-11-26', '20:48:08'),
(73723, 16, 124, 869, '2025-11-26', '20:48:08'),
(73724, 17, 184, 869, '2025-11-26', '20:48:08'),
(73725, 18, 0, 869, '2025-11-26', '20:48:08'),
(73726, 19, 0, 869, '2025-11-26', '20:48:08'),
(73727, 20, 1, 869, '2025-11-26', '20:48:08'),
(73728, 21, 0, 869, '2025-11-26', '20:48:08'),
(73729, 10, 5, 917, '2025-11-26', '20:48:08'),
(73730, 11, 296, 917, '2025-11-26', '20:48:08'),
(73731, 12, 248, 917, '2025-11-26', '20:48:08'),
(73732, 13, 368, 917, '2025-11-26', '20:48:08'),
(73733, 14, 2, 917, '2025-11-26', '20:48:08'),
(73734, 15, 148, 917, '2025-11-26', '20:48:08'),
(73735, 16, 124, 917, '2025-11-26', '20:48:08'),
(73736, 17, 184, 917, '2025-11-26', '20:48:08'),
(73737, 18, 0, 917, '2025-11-26', '20:48:08'),
(73738, 19, 0, 917, '2025-11-26', '20:48:08'),
(73739, 20, 1, 917, '2025-11-26', '20:48:08'),
(73740, 21, 0, 917, '2025-11-26', '20:48:08'),
(73741, 10, 6, 964, '2025-11-26', '20:48:08'),
(73742, 11, 296, 964, '2025-11-26', '20:48:08'),
(73743, 12, 248, 964, '2025-11-26', '20:48:08'),
(73744, 13, 368, 964, '2025-11-26', '20:48:08'),
(73745, 14, 3, 964, '2025-11-26', '20:48:08'),
(73746, 15, 148, 964, '2025-11-26', '20:48:08'),
(73747, 16, 124, 964, '2025-11-26', '20:48:08'),
(73748, 17, 184, 964, '2025-11-26', '20:48:08'),
(73749, 18, 0, 964, '2025-11-26', '20:48:08'),
(73750, 19, 0, 964, '2025-11-26', '20:48:08'),
(73751, 20, 1, 964, '2025-11-26', '20:48:08'),
(73752, 21, 0, 964, '2025-11-26', '20:48:08'),
(73753, 10, 6, 1071, '2025-11-26', '20:48:08'),
(73754, 11, 296, 1071, '2025-11-26', '20:48:08'),
(73755, 12, 248, 1071, '2025-11-26', '20:48:08'),
(73756, 13, 368, 1071, '2025-11-26', '20:48:08'),
(73757, 14, 3, 1071, '2025-11-26', '20:48:08'),
(73758, 15, 148, 1071, '2025-11-26', '20:48:08'),
(73759, 16, 124, 1071, '2025-11-26', '20:48:08'),
(73760, 17, 184, 1071, '2025-11-26', '20:48:08'),
(73761, 18, 0, 1071, '2025-11-26', '20:48:08'),
(73762, 19, 0, 1071, '2025-11-26', '20:48:08'),
(73763, 20, 1, 1071, '2025-11-26', '20:48:08'),
(73764, 21, 0, 1071, '2025-11-26', '20:48:08'),
(73765, 10, 5, 1118, '2025-11-26', '20:48:08'),
(73766, 11, 296, 1118, '2025-11-26', '20:48:08'),
(73767, 12, 249, 1118, '2025-11-26', '20:48:08'),
(73768, 13, 368, 1118, '2025-11-26', '20:48:08'),
(73769, 14, 2, 1118, '2025-11-26', '20:48:08'),
(73770, 15, 148, 1118, '2025-11-26', '20:48:08'),
(73771, 16, 124, 1118, '2025-11-26', '20:48:08'),
(73772, 17, 184, 1118, '2025-11-26', '20:48:08'),
(73773, 18, 0, 1118, '2025-11-26', '20:48:08'),
(73774, 19, 0, 1118, '2025-11-26', '20:48:08'),
(73775, 20, 1, 1118, '2025-11-26', '20:48:08'),
(73776, 21, 0, 1118, '2025-11-26', '20:48:08'),
(73777, 10, 5, 1165, '2025-11-26', '20:48:08'),
(73778, 11, 296, 1165, '2025-11-26', '20:48:08'),
(73779, 12, 249, 1165, '2025-11-26', '20:48:08'),
(73780, 13, 368, 1165, '2025-11-26', '20:48:08'),
(73781, 14, 2, 1165, '2025-11-26', '20:48:08'),
(73782, 15, 148, 1165, '2025-11-26', '20:48:08'),
(73783, 16, 124, 1165, '2025-11-26', '20:48:08'),
(73784, 17, 184, 1165, '2025-11-26', '20:48:08'),
(73785, 18, 0, 1165, '2025-11-26', '20:48:08'),
(73786, 19, 0, 1165, '2025-11-26', '20:48:08'),
(73787, 20, 1, 1165, '2025-11-26', '20:48:08'),
(73788, 21, 0, 1165, '2025-11-26', '20:48:08'),
(73789, 10, 5, 1227, '2025-11-26', '20:48:08'),
(73790, 11, 295, 1227, '2025-11-26', '20:48:08'),
(73791, 12, 248, 1227, '2025-11-26', '20:48:08'),
(73792, 13, 368, 1227, '2025-11-26', '20:48:08'),
(73793, 14, 2, 1227, '2025-11-26', '20:48:08'),
(73794, 15, 147, 1227, '2025-11-26', '20:48:08'),
(73795, 16, 124, 1227, '2025-11-26', '20:48:08'),
(73796, 17, 184, 1227, '2025-11-26', '20:48:08'),
(73797, 18, 0, 1227, '2025-11-26', '20:48:08'),
(73798, 19, 0, 1227, '2025-11-26', '20:48:08'),
(73799, 20, 1, 1227, '2025-11-26', '20:48:08'),
(73800, 21, 0, 1227, '2025-11-26', '20:48:08'),
(73801, 10, 5, 1274, '2025-11-26', '20:48:08'),
(73802, 11, 296, 1274, '2025-11-26', '20:48:08'),
(73803, 12, 248, 1274, '2025-11-26', '20:48:08'),
(73804, 13, 368, 1274, '2025-11-26', '20:48:08'),
(73805, 14, 2, 1274, '2025-11-26', '20:48:08'),
(73806, 15, 148, 1274, '2025-11-26', '20:48:08'),
(73807, 16, 124, 1274, '2025-11-26', '20:48:08'),
(73808, 17, 184, 1274, '2025-11-26', '20:48:08'),
(73809, 18, 0, 1274, '2025-11-26', '20:48:08'),
(73810, 19, 0, 1274, '2025-11-26', '20:48:08'),
(73811, 20, 1, 1274, '2025-11-26', '20:48:08'),
(73812, 21, 0, 1274, '2025-11-26', '20:48:08'),
(73813, 10, 6, 1320, '2025-11-26', '20:48:08'),
(73814, 11, 296, 1320, '2025-11-26', '20:48:08'),
(73815, 12, 248, 1320, '2025-11-26', '20:48:08'),
(73816, 13, 368, 1320, '2025-11-26', '20:48:08'),
(73817, 14, 3, 1320, '2025-11-26', '20:48:08'),
(73818, 15, 148, 1320, '2025-11-26', '20:48:08'),
(73819, 16, 124, 1320, '2025-11-26', '20:48:08'),
(73820, 17, 184, 1320, '2025-11-26', '20:48:08'),
(73821, 18, 0, 1320, '2025-11-26', '20:48:08'),
(73822, 19, 0, 1320, '2025-11-26', '20:48:08'),
(73823, 20, 1, 1320, '2025-11-26', '20:48:08'),
(73824, 21, 0, 1320, '2025-11-26', '20:48:08'),
(73825, 10, 6, 1367, '2025-11-26', '20:48:08'),
(73826, 11, 295, 1367, '2025-11-26', '20:48:08'),
(73827, 12, 248, 1367, '2025-11-26', '20:48:08'),
(73828, 13, 368, 1367, '2025-11-26', '20:48:08'),
(73829, 14, 3, 1367, '2025-11-26', '20:48:08'),
(73830, 15, 147, 1367, '2025-11-26', '20:48:08'),
(73831, 16, 124, 1367, '2025-11-26', '20:48:08'),
(73832, 17, 184, 1367, '2025-11-26', '20:48:08'),
(73833, 18, 0, 1367, '2025-11-26', '20:48:08'),
(73834, 19, 0, 1367, '2025-11-26', '20:48:08'),
(73835, 20, 1, 1367, '2025-11-26', '20:48:08'),
(73836, 21, 0, 1367, '2025-11-26', '20:48:08'),
(73837, 10, 4, 1477, '2025-11-26', '20:48:08'),
(73838, 11, 295, 1477, '2025-11-26', '20:48:08'),
(73839, 12, 248, 1477, '2025-11-26', '20:48:08'),
(73840, 13, 369, 1477, '2025-11-26', '20:48:08'),
(73841, 14, 2, 1477, '2025-11-26', '20:48:08'),
(73842, 15, 147, 1477, '2025-11-26', '20:48:08'),
(73843, 16, 124, 1477, '2025-11-26', '20:48:08'),
(73844, 17, 184, 1477, '2025-11-26', '20:48:08'),
(73845, 18, 0, 1477, '2025-11-26', '20:48:08'),
(73846, 19, 0, 1477, '2025-11-26', '20:48:08'),
(73847, 20, 1, 1477, '2025-11-26', '20:48:08'),
(73848, 21, 0, 1477, '2025-11-26', '20:48:08'),
(73849, 10, 6, 1525, '2025-11-26', '20:48:08'),
(73850, 11, 296, 1525, '2025-11-26', '20:48:08'),
(73851, 12, 248, 1525, '2025-11-26', '20:48:08'),
(73852, 13, 368, 1525, '2025-11-26', '20:48:08'),
(73853, 14, 3, 1525, '2025-11-26', '20:48:08'),
(73854, 15, 148, 1525, '2025-11-26', '20:48:08'),
(73855, 16, 124, 1525, '2025-11-26', '20:48:08'),
(73856, 17, 184, 1525, '2025-11-26', '20:48:08'),
(73857, 18, 0, 1525, '2025-11-26', '20:48:08'),
(73858, 19, 0, 1525, '2025-11-26', '20:48:08'),
(73859, 20, 1, 1525, '2025-11-26', '20:48:08'),
(73860, 21, 0, 1525, '2025-11-26', '20:48:08'),
(73861, 10, 5, 1572, '2025-11-26', '20:48:08'),
(73862, 11, 296, 1572, '2025-11-26', '20:48:08'),
(73863, 12, 248, 1572, '2025-11-26', '20:48:08'),
(73864, 13, 368, 1572, '2025-11-26', '20:48:08'),
(73865, 14, 2, 1572, '2025-11-26', '20:48:08'),
(73866, 15, 148, 1572, '2025-11-26', '20:48:08'),
(73867, 16, 124, 1572, '2025-11-26', '20:48:08'),
(73868, 17, 184, 1572, '2025-11-26', '20:48:08'),
(73869, 18, 0, 1572, '2025-11-26', '20:48:08'),
(73870, 19, 0, 1572, '2025-11-26', '20:48:08'),
(73871, 20, 1, 1572, '2025-11-26', '20:48:08'),
(73872, 21, 0, 1572, '2025-11-26', '20:48:08'),
(73873, 10, 6, 1619, '2025-11-26', '20:48:08'),
(73874, 11, 296, 1619, '2025-11-26', '20:48:08'),
(73875, 12, 248, 1619, '2025-11-26', '20:48:08'),
(73876, 13, 368, 1619, '2025-11-26', '20:48:08'),
(73877, 14, 3, 1619, '2025-11-26', '20:48:08'),
(73878, 15, 148, 1619, '2025-11-26', '20:48:08'),
(73879, 16, 124, 1619, '2025-11-26', '20:48:08'),
(73880, 17, 184, 1619, '2025-11-26', '20:48:08'),
(73881, 18, 0, 1619, '2025-11-26', '20:48:08'),
(73882, 19, 0, 1619, '2025-11-26', '20:48:08'),
(73883, 20, 1, 1619, '2025-11-26', '20:48:08'),
(73884, 21, 0, 1619, '2025-11-26', '20:48:08'),
(73885, 10, 6, 1680, '2025-11-26', '20:48:08'),
(73886, 11, 296, 1680, '2025-11-26', '20:48:08'),
(73887, 12, 248, 1680, '2025-11-26', '20:48:08'),
(73888, 13, 368, 1680, '2025-11-26', '20:48:08'),
(73889, 14, 3, 1680, '2025-11-26', '20:48:08'),
(73890, 15, 148, 1680, '2025-11-26', '20:48:08'),
(73891, 16, 124, 1680, '2025-11-26', '20:48:08'),
(73892, 17, 184, 1680, '2025-11-26', '20:48:08'),
(73893, 18, 0, 1680, '2025-11-26', '20:48:08'),
(73894, 19, 0, 1680, '2025-11-26', '20:48:08'),
(73895, 20, 1, 1680, '2025-11-26', '20:48:08'),
(73896, 21, 0, 1680, '2025-11-26', '20:48:08'),
(73897, 10, 5, 1726, '2025-11-26', '20:48:08'),
(73898, 11, 295, 1726, '2025-11-26', '20:48:08'),
(73899, 12, 248, 1726, '2025-11-26', '20:48:08'),
(73900, 13, 368, 1726, '2025-11-26', '20:48:08'),
(73901, 14, 2, 1726, '2025-11-26', '20:48:08'),
(73902, 15, 147, 1726, '2025-11-26', '20:48:08'),
(73903, 16, 124, 1726, '2025-11-26', '20:48:08'),
(73904, 17, 184, 1726, '2025-11-26', '20:48:08'),
(73905, 18, 0, 1726, '2025-11-26', '20:48:08'),
(73906, 19, 0, 1726, '2025-11-26', '20:48:08'),
(73907, 20, 1, 1726, '2025-11-26', '20:48:08'),
(73908, 21, 0, 1726, '2025-11-26', '20:48:08'),
(73909, 10, 5, 1772, '2025-11-26', '20:48:08'),
(73910, 11, 296, 1772, '2025-11-26', '20:48:08'),
(73911, 12, 248, 1772, '2025-11-26', '20:48:08'),
(73912, 13, 369, 1772, '2025-11-26', '20:48:08'),
(73913, 14, 2, 1772, '2025-11-26', '20:48:08'),
(73914, 15, 148, 1772, '2025-11-26', '20:48:08'),
(73915, 16, 124, 1772, '2025-11-26', '20:48:08'),
(73916, 17, 184, 1772, '2025-11-26', '20:48:08'),
(73917, 18, 0, 1772, '2025-11-26', '20:48:08'),
(73918, 19, 0, 1772, '2025-11-26', '20:48:08'),
(73919, 20, 1, 1772, '2025-11-26', '20:48:08'),
(73920, 21, 0, 1772, '2025-11-26', '20:48:08'),
(73921, 10, 6, 1820, '2025-11-26', '20:48:08'),
(73922, 11, 296, 1820, '2025-11-26', '20:48:08'),
(73923, 12, 248, 1820, '2025-11-26', '20:48:08'),
(73924, 13, 368, 1820, '2025-11-26', '20:48:08'),
(73925, 14, 3, 1820, '2025-11-26', '20:48:08'),
(73926, 15, 148, 1820, '2025-11-26', '20:48:08'),
(73927, 16, 124, 1820, '2025-11-26', '20:48:08'),
(73928, 17, 184, 1820, '2025-11-26', '20:48:08'),
(73929, 18, 0, 1820, '2025-11-26', '20:48:08'),
(73930, 19, 0, 1820, '2025-11-26', '20:48:08'),
(73931, 20, 1, 1820, '2025-11-26', '20:48:08'),
(73932, 21, 0, 1820, '2025-11-26', '20:48:08'),
(73933, 10, 6, 1883, '2025-11-26', '20:48:09'),
(73934, 11, 296, 1883, '2025-11-26', '20:48:09'),
(73935, 12, 248, 1883, '2025-11-26', '20:48:09'),
(73936, 13, 368, 1883, '2025-11-26', '20:48:09'),
(73937, 14, 3, 1883, '2025-11-26', '20:48:09'),
(73938, 15, 148, 1883, '2025-11-26', '20:48:09'),
(73939, 16, 124, 1883, '2025-11-26', '20:48:09'),
(73940, 17, 184, 1883, '2025-11-26', '20:48:09'),
(73941, 18, 0, 1883, '2025-11-26', '20:48:09'),
(73942, 19, 0, 1883, '2025-11-26', '20:48:09'),
(73943, 20, 1, 1883, '2025-11-26', '20:48:09'),
(73944, 21, 0, 1883, '2025-11-26', '20:48:09'),
(73945, 10, 6, 1929, '2025-11-26', '20:48:09'),
(73946, 11, 296, 1929, '2025-11-26', '20:48:09'),
(73947, 12, 248, 1929, '2025-11-26', '20:48:09'),
(73948, 13, 368, 1929, '2025-11-26', '20:48:09'),
(73949, 14, 3, 1929, '2025-11-26', '20:48:09'),
(73950, 15, 148, 1929, '2025-11-26', '20:48:09'),
(73951, 16, 124, 1929, '2025-11-26', '20:48:09'),
(73952, 17, 184, 1929, '2025-11-26', '20:48:09'),
(73953, 18, 0, 1929, '2025-11-26', '20:48:09'),
(73954, 19, 0, 1929, '2025-11-26', '20:48:09'),
(73955, 20, 1, 1929, '2025-11-26', '20:48:09'),
(73956, 21, 0, 1929, '2025-11-26', '20:48:09'),
(73957, 10, 5, 1976, '2025-11-26', '20:48:09'),
(73958, 11, 296, 1976, '2025-11-26', '20:48:09'),
(73959, 12, 248, 1976, '2025-11-26', '20:48:09'),
(73960, 13, 368, 1976, '2025-11-26', '20:48:09'),
(73961, 14, 2, 1976, '2025-11-26', '20:48:09'),
(73962, 15, 148, 1976, '2025-11-26', '20:48:09'),
(73963, 16, 124, 1976, '2025-11-26', '20:48:09'),
(73964, 17, 184, 1976, '2025-11-26', '20:48:09'),
(73965, 18, 0, 1976, '2025-11-26', '20:48:09'),
(73966, 19, 0, 1976, '2025-11-26', '20:48:09'),
(73967, 20, 1, 1976, '2025-11-26', '20:48:09'),
(73968, 21, 0, 1976, '2025-11-26', '20:48:09'),
(73969, 10, 7, 2023, '2025-11-26', '20:48:09'),
(73970, 11, 296, 2023, '2025-11-26', '20:48:09'),
(73971, 12, 248, 2023, '2025-11-26', '20:48:09'),
(73972, 13, 368, 2023, '2025-11-26', '20:48:09'),
(73973, 14, 3, 2023, '2025-11-26', '20:48:09'),
(73974, 15, 148, 2023, '2025-11-26', '20:48:09'),
(73975, 16, 124, 2023, '2025-11-26', '20:48:09'),
(73976, 17, 184, 2023, '2025-11-26', '20:48:09'),
(73977, 18, 0, 2023, '2025-11-26', '20:48:09'),
(73978, 19, 0, 2023, '2025-11-26', '20:48:09'),
(73979, 20, 1, 2023, '2025-11-26', '20:48:09'),
(73980, 21, 0, 2023, '2025-11-26', '20:48:09'),
(73981, 10, 6, 2084, '2025-11-26', '20:48:09'),
(73982, 11, 296, 2084, '2025-11-26', '20:48:09'),
(73983, 12, 248, 2084, '2025-11-26', '20:48:09'),
(73984, 13, 368, 2084, '2025-11-26', '20:48:09'),
(73985, 14, 3, 2084, '2025-11-26', '20:48:09'),
(73986, 15, 148, 2084, '2025-11-26', '20:48:09'),
(73987, 16, 124, 2084, '2025-11-26', '20:48:09'),
(73988, 17, 184, 2084, '2025-11-26', '20:48:09'),
(73989, 18, 0, 2084, '2025-11-26', '20:48:09'),
(73990, 19, 0, 2084, '2025-11-26', '20:48:09'),
(73991, 20, 1, 2084, '2025-11-26', '20:48:09'),
(73992, 21, 0, 2084, '2025-11-26', '20:48:09'),
(73993, 10, 6, 2131, '2025-11-26', '20:48:09'),
(73994, 11, 296, 2131, '2025-11-26', '20:48:09'),
(73995, 12, 248, 2131, '2025-11-26', '20:48:09'),
(73996, 13, 368, 2131, '2025-11-26', '20:48:09'),
(73997, 14, 3, 2131, '2025-11-26', '20:48:09'),
(73998, 15, 148, 2131, '2025-11-26', '20:48:09'),
(73999, 16, 124, 2131, '2025-11-26', '20:48:09'),
(74000, 17, 184, 2131, '2025-11-26', '20:48:09'),
(74001, 18, 0, 2131, '2025-11-26', '20:48:09'),
(74002, 19, 0, 2131, '2025-11-26', '20:48:09'),
(74003, 20, 1, 2131, '2025-11-26', '20:48:09'),
(74004, 21, 0, 2131, '2025-11-26', '20:48:09'),
(74005, 10, 5, 2178, '2025-11-26', '20:48:09'),
(74006, 11, 295, 2178, '2025-11-26', '20:48:09'),
(74007, 12, 248, 2178, '2025-11-26', '20:48:09'),
(74008, 13, 368, 2178, '2025-11-26', '20:48:09'),
(74009, 14, 2, 2178, '2025-11-26', '20:48:09'),
(74010, 15, 147, 2178, '2025-11-26', '20:48:09'),
(74011, 16, 124, 2178, '2025-11-26', '20:48:09'),
(74012, 17, 184, 2178, '2025-11-26', '20:48:09'),
(74013, 18, 0, 2178, '2025-11-26', '20:48:09'),
(74014, 19, 0, 2178, '2025-11-26', '20:48:09'),
(74015, 20, 1, 2178, '2025-11-26', '20:48:09'),
(74016, 21, 0, 2178, '2025-11-26', '20:48:09'),
(74017, 10, 6, 2225, '2025-11-26', '20:48:09'),
(74018, 11, 296, 2225, '2025-11-26', '20:48:09'),
(74019, 12, 249, 2225, '2025-11-26', '20:48:09'),
(74020, 13, 368, 2225, '2025-11-26', '20:48:09'),
(74021, 14, 3, 2225, '2025-11-26', '20:48:09'),
(74022, 15, 148, 2225, '2025-11-26', '20:48:09'),
(74023, 16, 124, 2225, '2025-11-26', '20:48:09'),
(74024, 17, 184, 2225, '2025-11-26', '20:48:09'),
(74025, 18, 0, 2225, '2025-11-26', '20:48:09'),
(74026, 19, 0, 2225, '2025-11-26', '20:48:09'),
(74027, 20, 1, 2225, '2025-11-26', '20:48:09'),
(74028, 21, 0, 2225, '2025-11-26', '20:48:09'),
(74029, 10, 5, 2287, '2025-11-26', '20:48:09'),
(74030, 11, 296, 2287, '2025-11-26', '20:48:09'),
(74031, 12, 249, 2287, '2025-11-26', '20:48:09'),
(74032, 13, 368, 2287, '2025-11-26', '20:48:09'),
(74033, 14, 2, 2287, '2025-11-26', '20:48:09'),
(74034, 15, 148, 2287, '2025-11-26', '20:48:09'),
(74035, 16, 124, 2287, '2025-11-26', '20:48:09'),
(74036, 17, 184, 2287, '2025-11-26', '20:48:09'),
(74037, 18, 0, 2287, '2025-11-26', '20:48:09'),
(74038, 19, 0, 2287, '2025-11-26', '20:48:09'),
(74039, 20, 1, 2287, '2025-11-26', '20:48:09'),
(74040, 21, 0, 2287, '2025-11-26', '20:48:09'),
(74041, 10, 6, 2333, '2025-11-26', '20:48:09'),
(74042, 11, 296, 2333, '2025-11-26', '20:48:09'),
(74043, 12, 249, 2333, '2025-11-26', '20:48:09'),
(74044, 13, 368, 2333, '2025-11-26', '20:48:09'),
(74045, 14, 3, 2333, '2025-11-26', '20:48:09'),
(74046, 15, 148, 2333, '2025-11-26', '20:48:09'),
(74047, 16, 124, 2333, '2025-11-26', '20:48:09'),
(74048, 17, 184, 2333, '2025-11-26', '20:48:09'),
(74049, 18, 0, 2333, '2025-11-26', '20:48:09'),
(74050, 19, 0, 2333, '2025-11-26', '20:48:09'),
(74051, 20, 1, 2333, '2025-11-26', '20:48:09'),
(74052, 21, 0, 2333, '2025-11-26', '20:48:09'),
(74053, 10, 7, 2380, '2025-11-26', '20:48:09'),
(74054, 11, 296, 2380, '2025-11-26', '20:48:09'),
(74055, 12, 248, 2380, '2025-11-26', '20:48:09'),
(74056, 13, 368, 2380, '2025-11-26', '20:48:09'),
(74057, 14, 3, 2380, '2025-11-26', '20:48:09'),
(74058, 15, 148, 2380, '2025-11-26', '20:48:09'),
(74059, 16, 124, 2380, '2025-11-26', '20:48:09'),
(74060, 17, 184, 2380, '2025-11-26', '20:48:09'),
(74061, 18, 0, 2380, '2025-11-26', '20:48:09'),
(74062, 19, 0, 2380, '2025-11-26', '20:48:09'),
(74063, 20, 1, 2380, '2025-11-26', '20:48:09'),
(74064, 21, 0, 2380, '2025-11-26', '20:48:09'),
(74065, 10, 5, 2426, '2025-11-26', '20:48:09'),
(74066, 11, 296, 2426, '2025-11-26', '20:48:09'),
(74067, 12, 249, 2426, '2025-11-26', '20:48:09'),
(74068, 13, 368, 2426, '2025-11-26', '20:48:09'),
(74069, 14, 2, 2426, '2025-11-26', '20:48:09'),
(74070, 15, 148, 2426, '2025-11-26', '20:48:09'),
(74071, 16, 124, 2426, '2025-11-26', '20:48:09'),
(74072, 17, 184, 2426, '2025-11-26', '20:48:09'),
(74073, 18, 0, 2426, '2025-11-26', '20:48:09'),
(74074, 19, 0, 2426, '2025-11-26', '20:48:09'),
(74075, 20, 1, 2426, '2025-11-26', '20:48:09'),
(74076, 21, 0, 2426, '2025-11-26', '20:48:09'),
(74077, 10, 5, 2489, '2025-11-26', '20:48:09'),
(74078, 11, 296, 2489, '2025-11-26', '20:48:09'),
(74079, 12, 249, 2489, '2025-11-26', '20:48:09'),
(74080, 13, 368, 2489, '2025-11-26', '20:48:09'),
(74081, 14, 2, 2489, '2025-11-26', '20:48:09'),
(74082, 15, 148, 2489, '2025-11-26', '20:48:09'),
(74083, 16, 124, 2489, '2025-11-26', '20:48:09'),
(74084, 17, 184, 2489, '2025-11-26', '20:48:09'),
(74085, 18, 0, 2489, '2025-11-26', '20:48:09'),
(74086, 19, 0, 2489, '2025-11-26', '20:48:09'),
(74087, 20, 1, 2489, '2025-11-26', '20:48:09'),
(74088, 21, 0, 2489, '2025-11-26', '20:48:09'),
(74089, 10, 5, 2535, '2025-11-26', '20:48:09'),
(74090, 11, 295, 2535, '2025-11-26', '20:48:09'),
(74091, 12, 249, 2535, '2025-11-26', '20:48:09'),
(74092, 13, 368, 2535, '2025-11-26', '20:48:09'),
(74093, 14, 2, 2535, '2025-11-26', '20:48:09'),
(74094, 15, 147, 2535, '2025-11-26', '20:48:09'),
(74095, 16, 124, 2535, '2025-11-26', '20:48:09'),
(74096, 17, 184, 2535, '2025-11-26', '20:48:09'),
(74097, 18, 0, 2535, '2025-11-26', '20:48:09'),
(74098, 19, 0, 2535, '2025-11-26', '20:48:09'),
(74099, 20, 1, 2535, '2025-11-26', '20:48:09'),
(74100, 21, 0, 2535, '2025-11-26', '20:48:09'),
(74101, 10, 6, 2583, '2025-11-26', '20:48:09'),
(74102, 11, 296, 2583, '2025-11-26', '20:48:09'),
(74103, 12, 249, 2583, '2025-11-26', '20:48:09'),
(74104, 13, 368, 2583, '2025-11-26', '20:48:09'),
(74105, 14, 3, 2583, '2025-11-26', '20:48:09'),
(74106, 15, 148, 2583, '2025-11-26', '20:48:09'),
(74107, 16, 124, 2583, '2025-11-26', '20:48:09'),
(74108, 17, 184, 2583, '2025-11-26', '20:48:09'),
(74109, 18, 0, 2583, '2025-11-26', '20:48:09'),
(74110, 19, 0, 2583, '2025-11-26', '20:48:09'),
(74111, 20, 1, 2583, '2025-11-26', '20:48:09'),
(74112, 21, 0, 2583, '2025-11-26', '20:48:09'),
(74113, 10, 6, 2630, '2025-11-26', '20:48:09'),
(74114, 11, 296, 2630, '2025-11-26', '20:48:09'),
(74115, 12, 249, 2630, '2025-11-26', '20:48:09'),
(74116, 13, 368, 2630, '2025-11-26', '20:48:09'),
(74117, 14, 3, 2630, '2025-11-26', '20:48:09'),
(74118, 15, 148, 2630, '2025-11-26', '20:48:09'),
(74119, 16, 124, 2630, '2025-11-26', '20:48:09'),
(74120, 17, 184, 2630, '2025-11-26', '20:48:09'),
(74121, 18, 0, 2630, '2025-11-26', '20:48:09'),
(74122, 19, 0, 2630, '2025-11-26', '20:48:09'),
(74123, 20, 1, 2630, '2025-11-26', '20:48:09'),
(74124, 21, 0, 2630, '2025-11-26', '20:48:09'),
(74125, 10, 6, 2676, '2025-11-26', '20:48:09'),
(74126, 11, 296, 2676, '2025-11-26', '20:48:09'),
(74127, 12, 249, 2676, '2025-11-26', '20:48:09'),
(74128, 13, 368, 2676, '2025-11-26', '20:48:09'),
(74129, 14, 3, 2676, '2025-11-26', '20:48:09'),
(74130, 15, 148, 2676, '2025-11-26', '20:48:09'),
(74131, 16, 124, 2676, '2025-11-26', '20:48:09'),
(74132, 17, 184, 2676, '2025-11-26', '20:48:09'),
(74133, 18, 0, 2676, '2025-11-26', '20:48:09'),
(74134, 19, 0, 2676, '2025-11-26', '20:48:09'),
(74135, 20, 1, 2676, '2025-11-26', '20:48:09'),
(74136, 21, 0, 2676, '2025-11-26', '20:48:09'),
(74137, 10, 6, 2738, '2025-11-26', '20:48:09'),
(74138, 11, 296, 2738, '2025-11-26', '20:48:09'),
(74139, 12, 249, 2738, '2025-11-26', '20:48:09'),
(74140, 13, 368, 2738, '2025-11-26', '20:48:09'),
(74141, 14, 3, 2738, '2025-11-26', '20:48:09'),
(74142, 15, 148, 2738, '2025-11-26', '20:48:09'),
(74143, 16, 124, 2738, '2025-11-26', '20:48:09'),
(74144, 17, 184, 2738, '2025-11-26', '20:48:09'),
(74145, 18, 0, 2738, '2025-11-26', '20:48:09'),
(74146, 19, 0, 2738, '2025-11-26', '20:48:09'),
(74147, 20, 1, 2738, '2025-11-26', '20:48:09'),
(74148, 21, 0, 2738, '2025-11-26', '20:48:09'),
(74149, 10, 5, 2785, '2025-11-26', '20:48:09'),
(74150, 11, 296, 2785, '2025-11-26', '20:48:09'),
(74151, 12, 249, 2785, '2025-11-26', '20:48:09'),
(74152, 13, 368, 2785, '2025-11-26', '20:48:09'),
(74153, 14, 2, 2785, '2025-11-26', '20:48:09'),
(74154, 15, 148, 2785, '2025-11-26', '20:48:09'),
(74155, 16, 124, 2785, '2025-11-26', '20:48:09'),
(74156, 17, 184, 2785, '2025-11-26', '20:48:09'),
(74157, 18, 0, 2785, '2025-11-26', '20:48:09'),
(74158, 19, 0, 2785, '2025-11-26', '20:48:09'),
(74159, 20, 1, 2785, '2025-11-26', '20:48:09'),
(74160, 21, 0, 2785, '2025-11-26', '20:48:09'),
(74161, 10, 6, 2833, '2025-11-26', '20:48:09'),
(74162, 11, 296, 2833, '2025-11-26', '20:48:09'),
(74163, 12, 249, 2833, '2025-11-26', '20:48:09'),
(74164, 13, 368, 2833, '2025-11-26', '20:48:09'),
(74165, 14, 3, 2833, '2025-11-26', '20:48:09'),
(74166, 15, 148, 2833, '2025-11-26', '20:48:09'),
(74167, 16, 124, 2833, '2025-11-26', '20:48:09'),
(74168, 17, 184, 2833, '2025-11-26', '20:48:09'),
(74169, 18, 0, 2833, '2025-11-26', '20:48:09'),
(74170, 19, 0, 2833, '2025-11-26', '20:48:09'),
(74171, 20, 1, 2833, '2025-11-26', '20:48:09'),
(74172, 21, 0, 2833, '2025-11-26', '20:48:09'),
(74173, 10, 5, 2879, '2025-11-26', '20:48:10'),
(74174, 11, 296, 2879, '2025-11-26', '20:48:10'),
(74175, 12, 250, 2879, '2025-11-26', '20:48:10'),
(74176, 13, 368, 2879, '2025-11-26', '20:48:10'),
(74177, 14, 2, 2879, '2025-11-26', '20:48:10'),
(74178, 15, 148, 2879, '2025-11-26', '20:48:10'),
(74179, 16, 125, 2879, '2025-11-26', '20:48:10'),
(74180, 17, 184, 2879, '2025-11-26', '20:48:10'),
(74181, 18, 0, 2879, '2025-11-26', '20:48:10'),
(74182, 19, 0, 2879, '2025-11-26', '20:48:10'),
(74183, 20, 1, 2879, '2025-11-26', '20:48:10'),
(74184, 21, 0, 2879, '2025-11-26', '20:48:10'),
(74185, 10, 5, 2942, '2025-11-26', '20:48:10'),
(74186, 11, 296, 2942, '2025-11-26', '20:48:10'),
(74187, 12, 249, 2942, '2025-11-26', '20:48:10'),
(74188, 13, 368, 2942, '2025-11-26', '20:48:10'),
(74189, 14, 2, 2942, '2025-11-26', '20:48:10'),
(74190, 15, 148, 2942, '2025-11-26', '20:48:10'),
(74191, 16, 124, 2942, '2025-11-26', '20:48:10'),
(74192, 17, 184, 2942, '2025-11-26', '20:48:10'),
(74193, 18, 0, 2942, '2025-11-26', '20:48:10'),
(74194, 19, 0, 2942, '2025-11-26', '20:48:10'),
(74195, 20, 1, 2942, '2025-11-26', '20:48:10'),
(74196, 21, 0, 2942, '2025-11-26', '20:48:10'),
(74197, 10, 6, 2989, '2025-11-26', '20:48:10'),
(74198, 11, 296, 2989, '2025-11-26', '20:48:10'),
(74199, 12, 250, 2989, '2025-11-26', '20:48:10'),
(74200, 13, 368, 2989, '2025-11-26', '20:48:10'),
(74201, 14, 3, 2989, '2025-11-26', '20:48:10'),
(74202, 15, 148, 2989, '2025-11-26', '20:48:10'),
(74203, 16, 125, 2989, '2025-11-26', '20:48:10'),
(74204, 17, 184, 2989, '2025-11-26', '20:48:10'),
(74205, 18, 0, 2989, '2025-11-26', '20:48:10'),
(74206, 19, 0, 2989, '2025-11-26', '20:48:10'),
(74207, 20, 1, 2989, '2025-11-26', '20:48:10'),
(74208, 21, 0, 2989, '2025-11-26', '20:48:10'),
(74209, 10, 6, 3035, '2025-11-26', '20:48:10'),
(74210, 11, 296, 3035, '2025-11-26', '20:48:10'),
(74211, 12, 249, 3035, '2025-11-26', '20:48:10'),
(74212, 13, 368, 3035, '2025-11-26', '20:48:10'),
(74213, 14, 3, 3035, '2025-11-26', '20:48:10'),
(74214, 15, 148, 3035, '2025-11-26', '20:48:10'),
(74215, 16, 124, 3035, '2025-11-26', '20:48:10'),
(74216, 17, 184, 3035, '2025-11-26', '20:48:10'),
(74217, 18, 0, 3035, '2025-11-26', '20:48:10'),
(74218, 19, 0, 3035, '2025-11-26', '20:48:10'),
(74219, 20, 1, 3035, '2025-11-26', '20:48:10'),
(74220, 21, 0, 3035, '2025-11-26', '20:48:10'),
(74221, 10, 5, 3082, '2025-11-26', '20:48:10'),
(74222, 11, 296, 3082, '2025-11-26', '20:48:10'),
(74223, 12, 250, 3082, '2025-11-26', '20:48:10'),
(74224, 13, 369, 3082, '2025-11-26', '20:48:10'),
(74225, 14, 2, 3082, '2025-11-26', '20:48:10'),
(74226, 15, 148, 3082, '2025-11-26', '20:48:10'),
(74227, 16, 125, 3082, '2025-11-26', '20:48:10'),
(74228, 17, 184, 3082, '2025-11-26', '20:48:10'),
(74229, 18, 0, 3082, '2025-11-26', '20:48:10'),
(74230, 19, 0, 3082, '2025-11-26', '20:48:10'),
(74231, 20, 1, 3082, '2025-11-26', '20:48:10'),
(74232, 21, 0, 3082, '2025-11-26', '20:48:10'),
(74233, 10, 5, 3129, '2025-11-26', '20:48:10'),
(74234, 11, 296, 3129, '2025-11-26', '20:48:10'),
(74235, 12, 249, 3129, '2025-11-26', '20:48:10'),
(74236, 13, 369, 3129, '2025-11-26', '20:48:10'),
(74237, 14, 2, 3129, '2025-11-26', '20:48:10'),
(74238, 15, 148, 3129, '2025-11-26', '20:48:10'),
(74239, 16, 124, 3129, '2025-11-26', '20:48:10'),
(74240, 17, 184, 3129, '2025-11-26', '20:48:10'),
(74241, 18, 0, 3129, '2025-11-26', '20:48:10'),
(74242, 19, 0, 3129, '2025-11-26', '20:48:10'),
(74243, 20, 1, 3129, '2025-11-26', '20:48:10'),
(74244, 21, 0, 3129, '2025-11-26', '20:48:10'),
(74245, 10, 7, 3191, '2025-11-26', '20:48:10'),
(74246, 11, 296, 3191, '2025-11-26', '20:48:10'),
(74247, 12, 249, 3191, '2025-11-26', '20:48:10'),
(74248, 13, 368, 3191, '2025-11-26', '20:48:10'),
(74249, 14, 3, 3191, '2025-11-26', '20:48:10'),
(74250, 15, 148, 3191, '2025-11-26', '20:48:10'),
(74251, 16, 124, 3191, '2025-11-26', '20:48:10'),
(74252, 17, 184, 3191, '2025-11-26', '20:48:10'),
(74253, 18, 0, 3191, '2025-11-26', '20:48:10'),
(74254, 19, 0, 3191, '2025-11-26', '20:48:10'),
(74255, 20, 1, 3191, '2025-11-26', '20:48:10'),
(74256, 21, 0, 3191, '2025-11-26', '20:48:10'),
(74257, 10, 5, 3238, '2025-11-26', '20:48:10'),
(74258, 11, 296, 3238, '2025-11-26', '20:48:10'),
(74259, 12, 250, 3238, '2025-11-26', '20:48:10'),
(74260, 13, 368, 3238, '2025-11-26', '20:48:10'),
(74261, 14, 2, 3238, '2025-11-26', '20:48:10'),
(74262, 15, 148, 3238, '2025-11-26', '20:48:10'),
(74263, 16, 125, 3238, '2025-11-26', '20:48:10'),
(74264, 17, 184, 3238, '2025-11-26', '20:48:10'),
(74265, 18, 0, 3238, '2025-11-26', '20:48:10'),
(74266, 19, 0, 3238, '2025-11-26', '20:48:10'),
(74267, 20, 1, 3238, '2025-11-26', '20:48:10'),
(74268, 21, 0, 3238, '2025-11-26', '20:48:10'),
(74269, 10, 5, 3285, '2025-11-26', '20:48:10'),
(74270, 11, 296, 3285, '2025-11-26', '20:48:10'),
(74271, 12, 250, 3285, '2025-11-26', '20:48:10'),
(74272, 13, 368, 3285, '2025-11-26', '20:48:10'),
(74273, 14, 2, 3285, '2025-11-26', '20:48:10'),
(74274, 15, 148, 3285, '2025-11-26', '20:48:10'),
(74275, 16, 125, 3285, '2025-11-26', '20:48:10'),
(74276, 17, 184, 3285, '2025-11-26', '20:48:10'),
(74277, 18, 0, 3285, '2025-11-26', '20:48:10'),
(74278, 19, 0, 3285, '2025-11-26', '20:48:10'),
(74279, 20, 1, 3285, '2025-11-26', '20:48:10'),
(74280, 21, 0, 3285, '2025-11-26', '20:48:10'),
(74281, 10, 6, 3332, '2025-11-26', '20:48:10'),
(74282, 11, 296, 3332, '2025-11-26', '20:48:10'),
(74283, 12, 250, 3332, '2025-11-26', '20:48:10'),
(74284, 13, 368, 3332, '2025-11-26', '20:48:10'),
(74285, 14, 3, 3332, '2025-11-26', '20:48:10'),
(74286, 15, 148, 3332, '2025-11-26', '20:48:10'),
(74287, 16, 125, 3332, '2025-11-26', '20:48:10'),
(74288, 17, 184, 3332, '2025-11-26', '20:48:10'),
(74289, 18, 0, 3332, '2025-11-26', '20:48:10'),
(74290, 19, 0, 3332, '2025-11-26', '20:48:10'),
(74291, 20, 1, 3332, '2025-11-26', '20:48:10'),
(74292, 21, 0, 3332, '2025-11-26', '20:48:10'),
(74293, 10, 7, 3394, '2025-11-26', '20:48:10'),
(74294, 11, 296, 3394, '2025-11-26', '20:48:10'),
(74295, 12, 251, 3394, '2025-11-26', '20:48:10'),
(74296, 13, 368, 3394, '2025-11-26', '20:48:10'),
(74297, 14, 3, 3394, '2025-11-26', '20:48:10'),
(74298, 15, 148, 3394, '2025-11-26', '20:48:10'),
(74299, 16, 125, 3394, '2025-11-26', '20:48:10'),
(74300, 17, 184, 3394, '2025-11-26', '20:48:10'),
(74301, 18, 0, 3394, '2025-11-26', '20:48:10'),
(74302, 19, 0, 3394, '2025-11-26', '20:48:10'),
(74303, 20, 1, 3394, '2025-11-26', '20:48:10'),
(74304, 21, 0, 3394, '2025-11-26', '20:48:10'),
(74305, 10, 6, 3440, '2025-11-26', '20:48:10'),
(74306, 11, 296, 3440, '2025-11-26', '20:48:10'),
(74307, 12, 250, 3440, '2025-11-26', '20:48:10'),
(74308, 13, 368, 3440, '2025-11-26', '20:48:10'),
(74309, 14, 3, 3440, '2025-11-26', '20:48:10'),
(74310, 15, 148, 3440, '2025-11-26', '20:48:10'),
(74311, 16, 125, 3440, '2025-11-26', '20:48:10'),
(74312, 17, 184, 3440, '2025-11-26', '20:48:10'),
(74313, 18, 0, 3440, '2025-11-26', '20:48:10'),
(74314, 19, 0, 3440, '2025-11-26', '20:48:10'),
(74315, 20, 1, 3440, '2025-11-26', '20:48:10'),
(74316, 21, 0, 3440, '2025-11-26', '20:48:10'),
(74317, 10, 5, 3487, '2025-11-26', '20:48:10'),
(74318, 11, 295, 3487, '2025-11-26', '20:48:10'),
(74319, 12, 251, 3487, '2025-11-26', '20:48:10'),
(74320, 13, 368, 3487, '2025-11-26', '20:48:10'),
(74321, 14, 2, 3487, '2025-11-26', '20:48:10'),
(74322, 15, 147, 3487, '2025-11-26', '20:48:10'),
(74323, 16, 125, 3487, '2025-11-26', '20:48:10'),
(74324, 17, 184, 3487, '2025-11-26', '20:48:10'),
(74325, 18, 0, 3487, '2025-11-26', '20:48:10'),
(74326, 19, 0, 3487, '2025-11-26', '20:48:10'),
(74327, 20, 1, 3487, '2025-11-26', '20:48:10'),
(74328, 21, 0, 3487, '2025-11-26', '20:48:10'),
(74329, 10, 5, 3533, '2025-11-26', '20:48:10'),
(74330, 11, 296, 3533, '2025-11-26', '20:48:10'),
(74331, 12, 251, 3533, '2025-11-26', '20:48:10'),
(74332, 13, 368, 3533, '2025-11-26', '20:48:10'),
(74333, 14, 2, 3533, '2025-11-26', '20:48:10'),
(74334, 15, 148, 3533, '2025-11-26', '20:48:10'),
(74335, 16, 125, 3533, '2025-11-26', '20:48:10'),
(74336, 17, 184, 3533, '2025-11-26', '20:48:10'),
(74337, 18, 0, 3533, '2025-11-26', '20:48:10'),
(74338, 19, 0, 3533, '2025-11-26', '20:48:10'),
(74339, 20, 1, 3533, '2025-11-26', '20:48:10'),
(74340, 21, 0, 3533, '2025-11-26', '20:48:10'),
(74341, 10, 4, 3595, '2025-11-26', '20:48:10'),
(74342, 11, 296, 3595, '2025-11-26', '20:48:10'),
(74343, 12, 251, 3595, '2025-11-26', '20:48:10'),
(74344, 13, 368, 3595, '2025-11-26', '20:48:10'),
(74345, 14, 2, 3595, '2025-11-26', '20:48:10'),
(74346, 15, 148, 3595, '2025-11-26', '20:48:10'),
(74347, 16, 125, 3595, '2025-11-26', '20:48:10'),
(74348, 17, 184, 3595, '2025-11-26', '20:48:10'),
(74349, 18, 0, 3595, '2025-11-26', '20:48:10'),
(74350, 19, 0, 3595, '2025-11-26', '20:48:10'),
(74351, 20, 1, 3595, '2025-11-26', '20:48:10'),
(74352, 21, 0, 3595, '2025-11-26', '20:48:10'),
(74353, 10, 6, 3641, '2025-11-26', '20:48:10'),
(74354, 11, 296, 3641, '2025-11-26', '20:48:10'),
(74355, 12, 250, 3641, '2025-11-26', '20:48:10'),
(74356, 13, 368, 3641, '2025-11-26', '20:48:10'),
(74357, 14, 3, 3641, '2025-11-26', '20:48:10'),
(74358, 15, 148, 3641, '2025-11-26', '20:48:10'),
(74359, 16, 125, 3641, '2025-11-26', '20:48:10'),
(74360, 17, 184, 3641, '2025-11-26', '20:48:10'),
(74361, 18, 0, 3641, '2025-11-26', '20:48:10'),
(74362, 19, 0, 3641, '2025-11-26', '20:48:10'),
(74363, 20, 1, 3641, '2025-11-26', '20:48:10'),
(74364, 21, 0, 3641, '2025-11-26', '20:48:10'),
(74365, 10, 5, 3690, '2025-11-26', '20:48:10'),
(74366, 11, 296, 3690, '2025-11-26', '20:48:10'),
(74367, 12, 250, 3690, '2025-11-26', '20:48:10'),
(74368, 13, 368, 3690, '2025-11-26', '20:48:10'),
(74369, 14, 2, 3690, '2025-11-26', '20:48:10'),
(74370, 15, 148, 3690, '2025-11-26', '20:48:10'),
(74371, 16, 125, 3690, '2025-11-26', '20:48:10'),
(74372, 17, 184, 3690, '2025-11-26', '20:48:10'),
(74373, 18, 0, 3690, '2025-11-26', '20:48:10'),
(74374, 19, 0, 3690, '2025-11-26', '20:48:10'),
(74375, 20, 1, 3690, '2025-11-26', '20:48:10'),
(74376, 21, 0, 3690, '2025-11-26', '20:48:10'),
(74377, 10, 23, 3736, '2025-11-26', '20:48:10'),
(74378, 11, 296, 3736, '2025-11-26', '20:48:10'),
(74379, 12, 250, 3736, '2025-11-26', '20:48:10'),
(74380, 13, 368, 3736, '2025-11-26', '20:48:10'),
(74381, 14, 11, 3736, '2025-11-26', '20:48:10'),
(74382, 15, 148, 3736, '2025-11-26', '20:48:10'),
(74383, 16, 125, 3736, '2025-11-26', '20:48:10'),
(74384, 17, 184, 3736, '2025-11-26', '20:48:10'),
(74385, 18, 0, 3736, '2025-11-26', '20:48:10'),
(74386, 19, 0, 3736, '2025-11-26', '20:48:10'),
(74387, 20, 1, 3736, '2025-11-26', '20:48:10'),
(74388, 21, 0, 3736, '2025-11-26', '20:48:10'),
(74389, 10, 64, 3798, '2025-11-26', '20:48:10'),
(74390, 11, 296, 3798, '2025-11-26', '20:48:10'),
(74391, 12, 249, 3798, '2025-11-26', '20:48:10'),
(74392, 13, 368, 3798, '2025-11-26', '20:48:10'),
(74393, 14, 32, 3798, '2025-11-26', '20:48:10'),
(74394, 15, 148, 3798, '2025-11-26', '20:48:10'),
(74395, 16, 124, 3798, '2025-11-26', '20:48:10'),
(74396, 17, 184, 3798, '2025-11-26', '20:48:10'),
(74397, 18, 0, 3798, '2025-11-26', '20:48:10'),
(74398, 19, 0, 3798, '2025-11-26', '20:48:10'),
(74399, 20, 1, 3798, '2025-11-26', '20:48:10'),
(74400, 21, 0, 3798, '2025-11-26', '20:48:10'),
(74401, 10, 111, 3845, '2025-11-26', '20:48:11'),
(74402, 11, 296, 3845, '2025-11-26', '20:48:11'),
(74403, 12, 250, 3845, '2025-11-26', '20:48:11'),
(74404, 13, 368, 3845, '2025-11-26', '20:48:11'),
(74405, 14, 55, 3845, '2025-11-26', '20:48:11'),
(74406, 15, 148, 3845, '2025-11-26', '20:48:11'),
(74407, 16, 125, 3845, '2025-11-26', '20:48:11'),
(74408, 17, 184, 3845, '2025-11-26', '20:48:11'),
(74409, 18, 0, 3845, '2025-11-26', '20:48:11'),
(74410, 19, 0, 3845, '2025-11-26', '20:48:11'),
(74411, 20, 1, 3845, '2025-11-26', '20:48:11'),
(74412, 21, 0, 3845, '2025-11-26', '20:48:11'),
(74413, 10, 156, 3892, '2025-11-26', '20:48:11'),
(74414, 11, 296, 3892, '2025-11-26', '20:48:11'),
(74415, 12, 250, 3892, '2025-11-26', '20:48:11'),
(74416, 13, 368, 3892, '2025-11-26', '20:48:11'),
(74417, 14, 78, 3892, '2025-11-26', '20:48:11'),
(74418, 15, 148, 3892, '2025-11-26', '20:48:11'),
(74419, 16, 125, 3892, '2025-11-26', '20:48:11'),
(74420, 17, 184, 3892, '2025-11-26', '20:48:11'),
(74421, 18, 0, 3892, '2025-11-26', '20:48:11'),
(74422, 19, 0, 3892, '2025-11-26', '20:48:11'),
(74423, 20, 1, 3892, '2025-11-26', '20:48:11'),
(74424, 21, 0, 3892, '2025-11-26', '20:48:11'),
(74425, 10, 201, 3939, '2025-11-26', '20:48:11'),
(74426, 11, 296, 3939, '2025-11-26', '20:48:11'),
(74427, 12, 250, 3939, '2025-11-26', '20:48:11'),
(74428, 13, 368, 3939, '2025-11-26', '20:48:11'),
(74429, 14, 100, 3939, '2025-11-26', '20:48:11'),
(74430, 15, 148, 3939, '2025-11-26', '20:48:11'),
(74431, 16, 125, 3939, '2025-11-26', '20:48:11'),
(74432, 17, 184, 3939, '2025-11-26', '20:48:11'),
(74433, 18, 0, 3939, '2025-11-26', '20:48:11'),
(74434, 19, 0, 3939, '2025-11-26', '20:48:11'),
(74435, 20, 1, 3939, '2025-11-26', '20:48:11'),
(74436, 21, 0, 3939, '2025-11-26', '20:48:11'),
(74437, 10, 246, 4000, '2025-11-26', '20:48:11'),
(74438, 11, 296, 4000, '2025-11-26', '20:48:11'),
(74439, 12, 249, 4000, '2025-11-26', '20:48:11'),
(74440, 13, 368, 4000, '2025-11-26', '20:48:11'),
(74441, 14, 123, 4000, '2025-11-26', '20:48:11'),
(74442, 15, 148, 4000, '2025-11-26', '20:48:11'),
(74443, 16, 124, 4000, '2025-11-26', '20:48:11'),
(74444, 17, 184, 4000, '2025-11-26', '20:48:11'),
(74445, 18, 0, 4000, '2025-11-26', '20:48:11'),
(74446, 19, 0, 4000, '2025-11-26', '20:48:11'),
(74447, 20, 1, 4000, '2025-11-26', '20:48:11'),
(74448, 21, 0, 4000, '2025-11-26', '20:48:11'),
(74449, 10, 289, 4048, '2025-11-26', '20:48:11'),
(74450, 11, 296, 4048, '2025-11-26', '20:48:11'),
(74451, 12, 249, 4048, '2025-11-26', '20:48:11'),
(74452, 13, 368, 4048, '2025-11-26', '20:48:11'),
(74453, 14, 144, 4048, '2025-11-26', '20:48:11'),
(74454, 15, 148, 4048, '2025-11-26', '20:48:11'),
(74455, 16, 124, 4048, '2025-11-26', '20:48:11'),
(74456, 17, 184, 4048, '2025-11-26', '20:48:11'),
(74457, 18, 0, 4048, '2025-11-26', '20:48:11'),
(74458, 19, 0, 4048, '2025-11-26', '20:48:11'),
(74459, 20, 1, 4048, '2025-11-26', '20:48:11'),
(74460, 21, 0, 4048, '2025-11-26', '20:48:11'),
(74461, 10, 329, 4094, '2025-11-26', '20:48:11'),
(74462, 11, 296, 4094, '2025-11-26', '20:48:11'),
(74463, 12, 251, 4094, '2025-11-26', '20:48:11'),
(74464, 13, 368, 4094, '2025-11-26', '20:48:11'),
(74465, 14, 164, 4094, '2025-11-26', '20:48:11'),
(74466, 15, 148, 4094, '2025-11-26', '20:48:11'),
(74467, 16, 125, 4094, '2025-11-26', '20:48:11'),
(74468, 17, 184, 4094, '2025-11-26', '20:48:11'),
(74469, 18, 0, 4094, '2025-11-26', '20:48:11'),
(74470, 19, 0, 4094, '2025-11-26', '20:48:11'),
(74471, 20, 1, 4094, '2025-11-26', '20:48:11'),
(74472, 21, 0, 4094, '2025-11-26', '20:48:11'),
(74473, 10, 363, 4141, '2025-11-26', '20:48:11'),
(74474, 11, 296, 4141, '2025-11-26', '20:48:11'),
(74475, 12, 251, 4141, '2025-11-26', '20:48:11'),
(74476, 13, 368, 4141, '2025-11-26', '20:48:11'),
(74477, 14, 181, 4141, '2025-11-26', '20:48:11'),
(74478, 15, 148, 4141, '2025-11-26', '20:48:11'),
(74479, 16, 125, 4141, '2025-11-26', '20:48:11'),
(74480, 17, 184, 4141, '2025-11-26', '20:48:11'),
(74481, 18, 0, 4141, '2025-11-26', '20:48:11'),
(74482, 19, 0, 4141, '2025-11-26', '20:48:11'),
(74483, 20, 1, 4141, '2025-11-26', '20:48:11'),
(74484, 21, 0, 4141, '2025-11-26', '20:48:11'),
(74485, 10, 399, 4203, '2025-11-26', '20:48:11'),
(74486, 11, 296, 4203, '2025-11-26', '20:48:11'),
(74487, 12, 251, 4203, '2025-11-26', '20:48:11'),
(74488, 13, 368, 4203, '2025-11-26', '20:48:11'),
(74489, 14, 199, 4203, '2025-11-26', '20:48:11'),
(74490, 15, 148, 4203, '2025-11-26', '20:48:11'),
(74491, 16, 125, 4203, '2025-11-26', '20:48:11'),
(74492, 17, 184, 4203, '2025-11-26', '20:48:11'),
(74493, 18, 0, 4203, '2025-11-26', '20:48:11'),
(74494, 19, 0, 4203, '2025-11-26', '20:48:11'),
(74495, 20, 1, 4203, '2025-11-26', '20:48:11'),
(74496, 21, 0, 4203, '2025-11-26', '20:48:11'),
(74497, 10, 439, 4249, '2025-11-26', '20:48:11'),
(74498, 11, 296, 4249, '2025-11-26', '20:48:11'),
(74499, 12, 251, 4249, '2025-11-26', '20:48:11'),
(74500, 13, 368, 4249, '2025-11-26', '20:48:11'),
(74501, 14, 219, 4249, '2025-11-26', '20:48:11'),
(74502, 15, 148, 4249, '2025-11-26', '20:48:11'),
(74503, 16, 125, 4249, '2025-11-26', '20:48:11'),
(74504, 17, 184, 4249, '2025-11-26', '20:48:11'),
(74505, 18, 0, 4249, '2025-11-26', '20:48:11'),
(74506, 19, 0, 4249, '2025-11-26', '20:48:11'),
(74507, 20, 1, 4249, '2025-11-26', '20:48:11'),
(74508, 21, 0, 4249, '2025-11-26', '20:48:11'),
(74509, 10, 474, 4296, '2025-11-26', '20:48:11'),
(74510, 11, 296, 4296, '2025-11-26', '20:48:11'),
(74511, 12, 251, 4296, '2025-11-26', '20:48:11'),
(74512, 13, 368, 4296, '2025-11-26', '20:48:11'),
(74513, 14, 237, 4296, '2025-11-26', '20:48:11'),
(74514, 15, 148, 4296, '2025-11-26', '20:48:11'),
(74515, 16, 125, 4296, '2025-11-26', '20:48:11'),
(74516, 17, 184, 4296, '2025-11-26', '20:48:11'),
(74517, 18, 0, 4296, '2025-11-26', '20:48:11'),
(74518, 19, 0, 4296, '2025-11-26', '20:48:11'),
(74519, 20, 1, 4296, '2025-11-26', '20:48:11'),
(74520, 21, 0, 4296, '2025-11-26', '20:48:11'),
(74521, 10, 508, 4343, '2025-11-26', '20:48:11'),
(74522, 11, 296, 4343, '2025-11-26', '20:48:11'),
(74523, 12, 252, 4343, '2025-11-26', '20:48:11'),
(74524, 13, 368, 4343, '2025-11-26', '20:48:11'),
(74525, 14, 254, 4343, '2025-11-26', '20:48:11'),
(74526, 15, 148, 4343, '2025-11-26', '20:48:11'),
(74527, 16, 126, 4343, '2025-11-26', '20:48:11'),
(74528, 17, 184, 4343, '2025-11-26', '20:48:11'),
(74529, 18, 0, 4343, '2025-11-26', '20:48:11'),
(74530, 19, 0, 4343, '2025-11-26', '20:48:11'),
(74531, 20, 1, 4343, '2025-11-26', '20:48:11'),
(74532, 21, 0, 4343, '2025-11-26', '20:48:11'),
(74533, 10, 542, 4391, '2025-11-26', '20:48:11'),
(74534, 11, 296, 4391, '2025-11-26', '20:48:11'),
(74535, 12, 252, 4391, '2025-11-26', '20:48:11'),
(74536, 13, 368, 4391, '2025-11-26', '20:48:11'),
(74537, 14, 271, 4391, '2025-11-26', '20:48:11'),
(74538, 15, 148, 4391, '2025-11-26', '20:48:11'),
(74539, 16, 126, 4391, '2025-11-26', '20:48:11'),
(74540, 17, 184, 4391, '2025-11-26', '20:48:11'),
(74541, 18, 0, 4391, '2025-11-26', '20:48:11'),
(74542, 19, 0, 4391, '2025-11-26', '20:48:11'),
(74543, 20, 1, 4391, '2025-11-26', '20:48:11'),
(74544, 21, 0, 4391, '2025-11-26', '20:48:11'),
(74545, 10, 571, 4453, '2025-11-26', '20:48:11'),
(74546, 11, 296, 4453, '2025-11-26', '20:48:11'),
(74547, 12, 252, 4453, '2025-11-26', '20:48:11'),
(74548, 13, 368, 4453, '2025-11-26', '20:48:11'),
(74549, 14, 285, 4453, '2025-11-26', '20:48:11'),
(74550, 15, 148, 4453, '2025-11-26', '20:48:11'),
(74551, 16, 126, 4453, '2025-11-26', '20:48:11'),
(74552, 17, 184, 4453, '2025-11-26', '20:48:11'),
(74553, 18, 0, 4453, '2025-11-26', '20:48:11'),
(74554, 19, 0, 4453, '2025-11-26', '20:48:11'),
(74555, 20, 1, 4453, '2025-11-26', '20:48:11'),
(74556, 21, 0, 4453, '2025-11-26', '20:48:11'),
(74557, 10, 594, 4499, '2025-11-26', '20:48:11'),
(74558, 11, 296, 4499, '2025-11-26', '20:48:11'),
(74559, 12, 253, 4499, '2025-11-26', '20:48:11'),
(74560, 13, 368, 4499, '2025-11-26', '20:48:11'),
(74561, 14, 297, 4499, '2025-11-26', '20:48:11'),
(74562, 15, 148, 4499, '2025-11-26', '20:48:11'),
(74563, 16, 126, 4499, '2025-11-26', '20:48:11'),
(74564, 17, 184, 4499, '2025-11-26', '20:48:11'),
(74565, 18, 0, 4499, '2025-11-26', '20:48:11'),
(74566, 19, 0, 4499, '2025-11-26', '20:48:11'),
(74567, 20, 1, 4499, '2025-11-26', '20:48:11'),
(74568, 21, 0, 4499, '2025-11-26', '20:48:11'),
(74569, 10, 614, 4546, '2025-11-26', '20:48:11'),
(74570, 11, 296, 4546, '2025-11-26', '20:48:11'),
(74571, 12, 253, 4546, '2025-11-26', '20:48:11'),
(74572, 13, 368, 4546, '2025-11-26', '20:48:11'),
(74573, 14, 307, 4546, '2025-11-26', '20:48:11'),
(74574, 15, 148, 4546, '2025-11-26', '20:48:11'),
(74575, 16, 126, 4546, '2025-11-26', '20:48:11'),
(74576, 17, 184, 4546, '2025-11-26', '20:48:11'),
(74577, 18, 0, 4546, '2025-11-26', '20:48:11'),
(74578, 19, 0, 4546, '2025-11-26', '20:48:11'),
(74579, 20, 1, 4546, '2025-11-26', '20:48:11'),
(74580, 21, 0, 4546, '2025-11-26', '20:48:11'),
(74581, 10, 631, 4607, '2025-11-26', '20:48:11'),
(74582, 11, 296, 4607, '2025-11-26', '20:48:11'),
(74583, 12, 253, 4607, '2025-11-26', '20:48:11'),
(74584, 13, 368, 4607, '2025-11-26', '20:48:11'),
(74585, 14, 315, 4607, '2025-11-26', '20:48:11'),
(74586, 15, 148, 4607, '2025-11-26', '20:48:11'),
(74587, 16, 126, 4607, '2025-11-26', '20:48:11'),
(74588, 17, 184, 4607, '2025-11-26', '20:48:11'),
(74589, 18, 0, 4607, '2025-11-26', '20:48:11'),
(74590, 19, 0, 4607, '2025-11-26', '20:48:11'),
(74591, 20, 1, 4607, '2025-11-26', '20:48:11'),
(74592, 21, 0, 4607, '2025-11-26', '20:48:11'),
(74593, 10, 647, 4653, '2025-11-26', '20:48:11'),
(74594, 11, 296, 4653, '2025-11-26', '20:48:11'),
(74595, 12, 253, 4653, '2025-11-26', '20:48:11'),
(74596, 13, 368, 4653, '2025-11-26', '20:48:11'),
(74597, 14, 323, 4653, '2025-11-26', '20:48:11'),
(74598, 15, 148, 4653, '2025-11-26', '20:48:11'),
(74599, 16, 126, 4653, '2025-11-26', '20:48:11'),
(74600, 17, 184, 4653, '2025-11-26', '20:48:11'),
(74601, 18, 0, 4653, '2025-11-26', '20:48:11'),
(74602, 19, 0, 4653, '2025-11-26', '20:48:11'),
(74603, 20, 1, 4653, '2025-11-26', '20:48:11'),
(74604, 21, 0, 4653, '2025-11-26', '20:48:11'),
(74605, 10, 662, 4700, '2025-11-26', '20:48:11'),
(74606, 11, 296, 4700, '2025-11-26', '20:48:11'),
(74607, 12, 254, 4700, '2025-11-26', '20:48:11'),
(74608, 13, 368, 4700, '2025-11-26', '20:48:11'),
(74609, 14, 331, 4700, '2025-11-26', '20:48:11'),
(74610, 15, 148, 4700, '2025-11-26', '20:48:11'),
(74611, 16, 127, 4700, '2025-11-26', '20:48:11'),
(74612, 17, 184, 4700, '2025-11-26', '20:48:11'),
(74613, 18, 0, 4700, '2025-11-26', '20:48:11'),
(74614, 19, 0, 4700, '2025-11-26', '20:48:11'),
(74615, 20, 1, 4700, '2025-11-26', '20:48:11'),
(74616, 21, 0, 4700, '2025-11-26', '20:48:11'),
(74617, 10, 680, 4747, '2025-11-26', '20:48:11'),
(74618, 11, 296, 4747, '2025-11-26', '20:48:11'),
(74619, 12, 254, 4747, '2025-11-26', '20:48:11'),
(74620, 13, 368, 4747, '2025-11-26', '20:48:11'),
(74621, 14, 340, 4747, '2025-11-26', '20:48:11'),
(74622, 15, 148, 4747, '2025-11-26', '20:48:11'),
(74623, 16, 127, 4747, '2025-11-26', '20:48:11'),
(74624, 17, 184, 4747, '2025-11-26', '20:48:11'),
(74625, 18, 0, 4747, '2025-11-26', '20:48:11'),
(74626, 19, 0, 4747, '2025-11-26', '20:48:11'),
(74627, 20, 1, 4747, '2025-11-26', '20:48:11'),
(74628, 21, 0, 4747, '2025-11-26', '20:48:11'),
(74629, 10, 702, 4809, '2025-11-26', '20:48:11'),
(74630, 11, 296, 4809, '2025-11-26', '20:48:11'),
(74631, 12, 254, 4809, '2025-11-26', '20:48:11'),
(74632, 13, 369, 4809, '2025-11-26', '20:48:11'),
(74633, 14, 351, 4809, '2025-11-26', '20:48:11'),
(74634, 15, 148, 4809, '2025-11-26', '20:48:11'),
(74635, 16, 127, 4809, '2025-11-26', '20:48:11');
INSERT INTO `int_proceso_vars_data` (`id`, `int_proceso_vars_id`, `valor`, `tiempo`, `fecha`, `hora`) VALUES
(74636, 17, 184, 4809, '2025-11-26', '20:48:11'),
(74637, 18, 0, 4809, '2025-11-26', '20:48:11'),
(74638, 19, 0, 4809, '2025-11-26', '20:48:11'),
(74639, 20, 1, 4809, '2025-11-26', '20:48:11'),
(74640, 21, 0, 4809, '2025-11-26', '20:48:11'),
(74641, 10, 722, 4856, '2025-11-26', '20:48:12'),
(74642, 11, 296, 4856, '2025-11-26', '20:48:12'),
(74643, 12, 255, 4856, '2025-11-26', '20:48:12'),
(74644, 13, 368, 4856, '2025-11-26', '20:48:12'),
(74645, 14, 361, 4856, '2025-11-26', '20:48:12'),
(74646, 15, 148, 4856, '2025-11-26', '20:48:12'),
(74647, 16, 127, 4856, '2025-11-26', '20:48:12'),
(74648, 17, 184, 4856, '2025-11-26', '20:48:12'),
(74649, 18, 0, 4856, '2025-11-26', '20:48:12'),
(74650, 19, 0, 4856, '2025-11-26', '20:48:12'),
(74651, 20, 1, 4856, '2025-11-26', '20:48:12'),
(74652, 21, 0, 4856, '2025-11-26', '20:48:12'),
(74653, 10, 747, 4903, '2025-11-26', '20:48:12'),
(74654, 11, 296, 4903, '2025-11-26', '20:48:12'),
(74655, 12, 255, 4903, '2025-11-26', '20:48:12'),
(74656, 13, 368, 4903, '2025-11-26', '20:48:12'),
(74657, 14, 373, 4903, '2025-11-26', '20:48:12'),
(74658, 15, 148, 4903, '2025-11-26', '20:48:12'),
(74659, 16, 127, 4903, '2025-11-26', '20:48:12'),
(74660, 17, 184, 4903, '2025-11-26', '20:48:12'),
(74661, 18, 0, 4903, '2025-11-26', '20:48:12'),
(74662, 19, 0, 4903, '2025-11-26', '20:48:12'),
(74663, 20, 1, 4903, '2025-11-26', '20:48:12'),
(74664, 21, 0, 4903, '2025-11-26', '20:48:12'),
(74665, 10, 763, 4949, '2025-11-26', '20:48:12'),
(74666, 11, 296, 4949, '2025-11-26', '20:48:12'),
(74667, 12, 255, 4949, '2025-11-26', '20:48:12'),
(74668, 13, 368, 4949, '2025-11-26', '20:48:12'),
(74669, 14, 381, 4949, '2025-11-26', '20:48:12'),
(74670, 15, 148, 4949, '2025-11-26', '20:48:12'),
(74671, 16, 127, 4949, '2025-11-26', '20:48:12'),
(74672, 17, 184, 4949, '2025-11-26', '20:48:12'),
(74673, 18, 0, 4949, '2025-11-26', '20:48:12'),
(74674, 19, 0, 4949, '2025-11-26', '20:48:12'),
(74675, 20, 1, 4949, '2025-11-26', '20:48:12'),
(74676, 21, 0, 4949, '2025-11-26', '20:48:12'),
(74677, 10, 767, 4996, '2025-11-26', '20:48:12'),
(74678, 11, 296, 4996, '2025-11-26', '20:48:12'),
(74679, 12, 255, 4996, '2025-11-26', '20:48:12'),
(74680, 13, 368, 4996, '2025-11-26', '20:48:12'),
(74681, 14, 383, 4996, '2025-11-26', '20:48:12'),
(74682, 15, 148, 4996, '2025-11-26', '20:48:12'),
(74683, 16, 127, 4996, '2025-11-26', '20:48:12'),
(74684, 17, 184, 4996, '2025-11-26', '20:48:12'),
(74685, 18, 0, 4996, '2025-11-26', '20:48:12'),
(74686, 19, 0, 4996, '2025-11-26', '20:48:12'),
(74687, 20, 1, 4996, '2025-11-26', '20:48:12'),
(74688, 21, 0, 4996, '2025-11-26', '20:48:12'),
(74689, 10, 768, 5058, '2025-11-26', '20:48:12'),
(74690, 11, 296, 5058, '2025-11-26', '20:48:12'),
(74691, 12, 255, 5058, '2025-11-26', '20:48:12'),
(74692, 13, 368, 5058, '2025-11-26', '20:48:12'),
(74693, 14, 384, 5058, '2025-11-26', '20:48:12'),
(74694, 15, 148, 5058, '2025-11-26', '20:48:12'),
(74695, 16, 127, 5058, '2025-11-26', '20:48:12'),
(74696, 17, 184, 5058, '2025-11-26', '20:48:12'),
(74697, 18, 0, 5058, '2025-11-26', '20:48:12'),
(74698, 19, 0, 5058, '2025-11-26', '20:48:12'),
(74699, 20, 1, 5058, '2025-11-26', '20:48:12'),
(74700, 21, 0, 5058, '2025-11-26', '20:48:12'),
(74701, 10, 769, 5105, '2025-11-26', '20:48:12'),
(74702, 11, 296, 5105, '2025-11-26', '20:48:12'),
(74703, 12, 255, 5105, '2025-11-26', '20:48:12'),
(74704, 13, 369, 5105, '2025-11-26', '20:48:12'),
(74705, 14, 384, 5105, '2025-11-26', '20:48:12'),
(74706, 15, 148, 5105, '2025-11-26', '20:48:12'),
(74707, 16, 127, 5105, '2025-11-26', '20:48:12'),
(74708, 17, 184, 5105, '2025-11-26', '20:48:12'),
(74709, 18, 0, 5105, '2025-11-26', '20:48:12'),
(74710, 19, 0, 5105, '2025-11-26', '20:48:12'),
(74711, 20, 1, 5105, '2025-11-26', '20:48:12'),
(74712, 21, 0, 5105, '2025-11-26', '20:48:12'),
(74713, 10, 770, 5151, '2025-11-26', '20:48:12'),
(74714, 11, 296, 5151, '2025-11-26', '20:48:12'),
(74715, 12, 255, 5151, '2025-11-26', '20:48:12'),
(74716, 13, 368, 5151, '2025-11-26', '20:48:12'),
(74717, 14, 385, 5151, '2025-11-26', '20:48:12'),
(74718, 15, 148, 5151, '2025-11-26', '20:48:12'),
(74719, 16, 127, 5151, '2025-11-26', '20:48:12'),
(74720, 17, 184, 5151, '2025-11-26', '20:48:12'),
(74721, 18, 0, 5151, '2025-11-26', '20:48:12'),
(74722, 19, 0, 5151, '2025-11-26', '20:48:12'),
(74723, 20, 1, 5151, '2025-11-26', '20:48:12'),
(74724, 21, 0, 5151, '2025-11-26', '20:48:12'),
(74725, 10, 772, 5198, '2025-11-26', '20:48:12'),
(74726, 11, 296, 5198, '2025-11-26', '20:48:12'),
(74727, 12, 255, 5198, '2025-11-26', '20:48:12'),
(74728, 13, 368, 5198, '2025-11-26', '20:48:12'),
(74729, 14, 386, 5198, '2025-11-26', '20:48:12'),
(74730, 15, 148, 5198, '2025-11-26', '20:48:12'),
(74731, 16, 127, 5198, '2025-11-26', '20:48:12'),
(74732, 17, 184, 5198, '2025-11-26', '20:48:12'),
(74733, 18, 0, 5198, '2025-11-26', '20:48:12'),
(74734, 19, 0, 5198, '2025-11-26', '20:48:12'),
(74735, 20, 1, 5198, '2025-11-26', '20:48:12'),
(74736, 21, 0, 5198, '2025-11-26', '20:48:12'),
(74737, 10, 772, 5260, '2025-11-26', '20:48:12'),
(74738, 11, 296, 5260, '2025-11-26', '20:48:12'),
(74739, 12, 255, 5260, '2025-11-26', '20:48:12'),
(74740, 13, 368, 5260, '2025-11-26', '20:48:12'),
(74741, 14, 386, 5260, '2025-11-26', '20:48:12'),
(74742, 15, 148, 5260, '2025-11-26', '20:48:12'),
(74743, 16, 127, 5260, '2025-11-26', '20:48:12'),
(74744, 17, 184, 5260, '2025-11-26', '20:48:12'),
(74745, 18, 0, 5260, '2025-11-26', '20:48:12'),
(74746, 19, 0, 5260, '2025-11-26', '20:48:12'),
(74747, 20, 1, 5260, '2025-11-26', '20:48:12'),
(74748, 21, 0, 5260, '2025-11-26', '20:48:12'),
(74749, 10, 771, 5306, '2025-11-26', '20:48:12'),
(74750, 11, 296, 5306, '2025-11-26', '20:48:12'),
(74751, 12, 255, 5306, '2025-11-26', '20:48:12'),
(74752, 13, 368, 5306, '2025-11-26', '20:48:12'),
(74753, 14, 385, 5306, '2025-11-26', '20:48:12'),
(74754, 15, 148, 5306, '2025-11-26', '20:48:12'),
(74755, 16, 127, 5306, '2025-11-26', '20:48:12'),
(74756, 17, 184, 5306, '2025-11-26', '20:48:12'),
(74757, 18, 0, 5306, '2025-11-26', '20:48:12'),
(74758, 19, 0, 5306, '2025-11-26', '20:48:12'),
(74759, 20, 1, 5306, '2025-11-26', '20:48:12'),
(74760, 21, 0, 5306, '2025-11-26', '20:48:12'),
(74761, 10, 772, 5353, '2025-11-26', '20:48:12'),
(74762, 11, 296, 5353, '2025-11-26', '20:48:12'),
(74763, 12, 255, 5353, '2025-11-26', '20:48:12'),
(74764, 13, 368, 5353, '2025-11-26', '20:48:12'),
(74765, 14, 386, 5353, '2025-11-26', '20:48:12'),
(74766, 15, 148, 5353, '2025-11-26', '20:48:12'),
(74767, 16, 127, 5353, '2025-11-26', '20:48:12'),
(74768, 17, 184, 5353, '2025-11-26', '20:48:12'),
(74769, 18, 0, 5353, '2025-11-26', '20:48:12'),
(74770, 19, 0, 5353, '2025-11-26', '20:48:12'),
(74771, 20, 1, 5353, '2025-11-26', '20:48:12'),
(74772, 21, 0, 5353, '2025-11-26', '20:48:12'),
(74773, 10, 771, 5416, '2025-11-26', '20:48:12'),
(74774, 11, 296, 5416, '2025-11-26', '20:48:12'),
(74775, 12, 256, 5416, '2025-11-26', '20:48:12'),
(74776, 13, 369, 5416, '2025-11-26', '20:48:12'),
(74777, 14, 385, 5416, '2025-11-26', '20:48:12'),
(74778, 15, 148, 5416, '2025-11-26', '20:48:12'),
(74779, 16, 128, 5416, '2025-11-26', '20:48:12'),
(74780, 17, 184, 5416, '2025-11-26', '20:48:12'),
(74781, 18, 0, 5416, '2025-11-26', '20:48:12'),
(74782, 19, 0, 5416, '2025-11-26', '20:48:12'),
(74783, 20, 1, 5416, '2025-11-26', '20:48:12'),
(74784, 21, 0, 5416, '2025-11-26', '20:48:12'),
(74785, 10, 772, 5462, '2025-11-26', '20:48:12'),
(74786, 11, 296, 5462, '2025-11-26', '20:48:12'),
(74787, 12, 255, 5462, '2025-11-26', '20:48:12'),
(74788, 13, 368, 5462, '2025-11-26', '20:48:12'),
(74789, 14, 386, 5462, '2025-11-26', '20:48:12'),
(74790, 15, 148, 5462, '2025-11-26', '20:48:12'),
(74791, 16, 127, 5462, '2025-11-26', '20:48:12'),
(74792, 17, 184, 5462, '2025-11-26', '20:48:12'),
(74793, 18, 0, 5462, '2025-11-26', '20:48:12'),
(74794, 19, 0, 5462, '2025-11-26', '20:48:12'),
(74795, 20, 1, 5462, '2025-11-26', '20:48:12'),
(74796, 21, 0, 5462, '2025-11-26', '20:48:12'),
(74797, 10, 772, 5509, '2025-11-26', '20:48:12'),
(74798, 11, 296, 5509, '2025-11-26', '20:48:12'),
(74799, 12, 256, 5509, '2025-11-26', '20:48:12'),
(74800, 13, 368, 5509, '2025-11-26', '20:48:12'),
(74801, 14, 386, 5509, '2025-11-26', '20:48:12'),
(74802, 15, 148, 5509, '2025-11-26', '20:48:12'),
(74803, 16, 128, 5509, '2025-11-26', '20:48:12'),
(74804, 17, 184, 5509, '2025-11-26', '20:48:12'),
(74805, 18, 0, 5509, '2025-11-26', '20:48:12'),
(74806, 19, 0, 5509, '2025-11-26', '20:48:12'),
(74807, 20, 1, 5509, '2025-11-26', '20:48:12'),
(74808, 21, 0, 5509, '2025-11-26', '20:48:12'),
(74809, 10, 772, 5555, '2025-11-26', '20:48:12'),
(74810, 11, 296, 5555, '2025-11-26', '20:48:12'),
(74811, 12, 256, 5555, '2025-11-26', '20:48:12'),
(74812, 13, 368, 5555, '2025-11-26', '20:48:12'),
(74813, 14, 386, 5555, '2025-11-26', '20:48:12'),
(74814, 15, 148, 5555, '2025-11-26', '20:48:12'),
(74815, 16, 128, 5555, '2025-11-26', '20:48:12'),
(74816, 17, 184, 5555, '2025-11-26', '20:48:12'),
(74817, 18, 0, 5555, '2025-11-26', '20:48:12'),
(74818, 19, 0, 5555, '2025-11-26', '20:48:12'),
(74819, 20, 1, 5555, '2025-11-26', '20:48:12'),
(74820, 21, 0, 5555, '2025-11-26', '20:48:12'),
(74821, 10, 780, 5602, '2025-11-26', '20:48:12'),
(74822, 11, 296, 5602, '2025-11-26', '20:48:12'),
(74823, 12, 256, 5602, '2025-11-26', '20:48:12'),
(74824, 13, 368, 5602, '2025-11-26', '20:48:12'),
(74825, 14, 390, 5602, '2025-11-26', '20:48:12'),
(74826, 15, 148, 5602, '2025-11-26', '20:48:12'),
(74827, 16, 128, 5602, '2025-11-26', '20:48:12'),
(74828, 17, 184, 5602, '2025-11-26', '20:48:12'),
(74829, 18, 0, 5602, '2025-11-26', '20:48:12'),
(74830, 19, 0, 5602, '2025-11-26', '20:48:12'),
(74831, 20, 1, 5602, '2025-11-26', '20:48:12'),
(74832, 21, 0, 5602, '2025-11-26', '20:48:12'),
(74833, 10, 809, 5666, '2025-11-26', '20:48:12'),
(74834, 11, 296, 5666, '2025-11-26', '20:48:12'),
(74835, 12, 256, 5666, '2025-11-26', '20:48:12'),
(74836, 13, 368, 5666, '2025-11-26', '20:48:12'),
(74837, 14, 404, 5666, '2025-11-26', '20:48:12'),
(74838, 15, 148, 5666, '2025-11-26', '20:48:12'),
(74839, 16, 128, 5666, '2025-11-26', '20:48:12'),
(74840, 17, 184, 5666, '2025-11-26', '20:48:12'),
(74841, 18, 0, 5666, '2025-11-26', '20:48:12'),
(74842, 19, 0, 5666, '2025-11-26', '20:48:12'),
(74843, 20, 1, 5666, '2025-11-26', '20:48:12'),
(74844, 21, 0, 5666, '2025-11-26', '20:48:12'),
(74845, 10, 849, 5712, '2025-11-26', '20:48:12'),
(74846, 11, 296, 5712, '2025-11-26', '20:48:12'),
(74847, 12, 256, 5712, '2025-11-26', '20:48:12'),
(74848, 13, 369, 5712, '2025-11-26', '20:48:12'),
(74849, 14, 424, 5712, '2025-11-26', '20:48:12'),
(74850, 15, 148, 5712, '2025-11-26', '20:48:12'),
(74851, 16, 128, 5712, '2025-11-26', '20:48:12'),
(74852, 17, 184, 5712, '2025-11-26', '20:48:12'),
(74853, 18, 0, 5712, '2025-11-26', '20:48:12'),
(74854, 19, 0, 5712, '2025-11-26', '20:48:12'),
(74855, 20, 1, 5712, '2025-11-26', '20:48:12'),
(74856, 21, 0, 5712, '2025-11-26', '20:48:12'),
(74857, 10, 898, 5758, '2025-11-26', '20:48:12'),
(74858, 11, 296, 5758, '2025-11-26', '20:48:12'),
(74859, 12, 256, 5758, '2025-11-26', '20:48:12'),
(74860, 13, 369, 5758, '2025-11-26', '20:48:12'),
(74861, 14, 449, 5758, '2025-11-26', '20:48:12'),
(74862, 15, 148, 5758, '2025-11-26', '20:48:12'),
(74863, 16, 128, 5758, '2025-11-26', '20:48:12'),
(74864, 17, 184, 5758, '2025-11-26', '20:48:12'),
(74865, 18, 0, 5758, '2025-11-26', '20:48:12'),
(74866, 19, 0, 5758, '2025-11-26', '20:48:12'),
(74867, 20, 1, 5758, '2025-11-26', '20:48:12'),
(74868, 21, 0, 5758, '2025-11-26', '20:48:12'),
(74869, 10, 947, 5805, '2025-11-26', '20:48:12'),
(74870, 11, 296, 5805, '2025-11-26', '20:48:12'),
(74871, 12, 257, 5805, '2025-11-26', '20:48:12'),
(74872, 13, 368, 5805, '2025-11-26', '20:48:12'),
(74873, 14, 473, 5805, '2025-11-26', '20:48:12'),
(74874, 15, 148, 5805, '2025-11-26', '20:48:12'),
(74875, 16, 128, 5805, '2025-11-26', '20:48:12'),
(74876, 17, 184, 5805, '2025-11-26', '20:48:12'),
(74877, 18, 0, 5805, '2025-11-26', '20:48:12'),
(74878, 19, 0, 5805, '2025-11-26', '20:48:12'),
(74879, 20, 1, 5805, '2025-11-26', '20:48:12'),
(74880, 21, 0, 5805, '2025-11-26', '20:48:12'),
(74881, 10, 995, 5866, '2025-11-26', '20:48:13'),
(74882, 11, 296, 5866, '2025-11-26', '20:48:13'),
(74883, 12, 257, 5866, '2025-11-26', '20:48:13'),
(74884, 13, 368, 5866, '2025-11-26', '20:48:13'),
(74885, 14, 497, 5866, '2025-11-26', '20:48:13'),
(74886, 15, 148, 5866, '2025-11-26', '20:48:13'),
(74887, 16, 128, 5866, '2025-11-26', '20:48:13'),
(74888, 17, 184, 5866, '2025-11-26', '20:48:13'),
(74889, 18, 0, 5866, '2025-11-26', '20:48:13'),
(74890, 19, 0, 5866, '2025-11-26', '20:48:13'),
(74891, 20, 1, 5866, '2025-11-26', '20:48:13'),
(74892, 21, 0, 5866, '2025-11-26', '20:48:13'),
(74893, 10, 1001, 5913, '2025-11-26', '20:48:13'),
(74894, 11, 296, 5913, '2025-11-26', '20:48:13'),
(74895, 12, 256, 5913, '2025-11-26', '20:48:13'),
(74896, 13, 369, 5913, '2025-11-26', '20:48:13'),
(74897, 14, 500, 5913, '2025-11-26', '20:48:13'),
(74898, 15, 148, 5913, '2025-11-26', '20:48:13'),
(74899, 16, 128, 5913, '2025-11-26', '20:48:13'),
(74900, 17, 184, 5913, '2025-11-26', '20:48:13'),
(74901, 18, 0, 5913, '2025-11-26', '20:48:13'),
(74902, 19, 0, 5913, '2025-11-26', '20:48:13'),
(74903, 20, 1, 5913, '2025-11-26', '20:48:13'),
(74904, 21, 0, 5913, '2025-11-26', '20:48:13'),
(74905, 10, 1000, 5960, '2025-11-26', '20:48:13'),
(74906, 11, 296, 5960, '2025-11-26', '20:48:13'),
(74907, 12, 256, 5960, '2025-11-26', '20:48:13'),
(74908, 13, 368, 5960, '2025-11-26', '20:48:13'),
(74909, 14, 500, 5960, '2025-11-26', '20:48:13'),
(74910, 15, 148, 5960, '2025-11-26', '20:48:13'),
(74911, 16, 128, 5960, '2025-11-26', '20:48:13'),
(74912, 17, 184, 5960, '2025-11-26', '20:48:13'),
(74913, 18, 0, 5960, '2025-11-26', '20:48:13'),
(74914, 19, 0, 5960, '2025-11-26', '20:48:13'),
(74915, 20, 1, 5960, '2025-11-26', '20:48:13'),
(74916, 21, 0, 5960, '2025-11-26', '20:48:13'),
(74917, 10, 1000, 6008, '2025-11-26', '20:48:13'),
(74918, 11, 296, 6008, '2025-11-26', '20:48:13'),
(74919, 12, 257, 6008, '2025-11-26', '20:48:13'),
(74920, 13, 368, 6008, '2025-11-26', '20:48:13'),
(74921, 14, 500, 6008, '2025-11-26', '20:48:13'),
(74922, 15, 148, 6008, '2025-11-26', '20:48:13'),
(74923, 16, 128, 6008, '2025-11-26', '20:48:13'),
(74924, 17, 184, 6008, '2025-11-26', '20:48:13'),
(74925, 18, 0, 6008, '2025-11-26', '20:48:13'),
(74926, 19, 0, 6008, '2025-11-26', '20:48:13'),
(74927, 20, 1, 6008, '2025-11-26', '20:48:13'),
(74928, 21, 0, 6008, '2025-11-26', '20:48:13'),
(74929, 10, 1001, 6070, '2025-11-26', '20:48:13'),
(74930, 11, 296, 6070, '2025-11-26', '20:48:13'),
(74931, 12, 257, 6070, '2025-11-26', '20:48:13'),
(74932, 13, 369, 6070, '2025-11-26', '20:48:13'),
(74933, 14, 500, 6070, '2025-11-26', '20:48:13'),
(74934, 15, 148, 6070, '2025-11-26', '20:48:13'),
(74935, 16, 128, 6070, '2025-11-26', '20:48:13'),
(74936, 17, 184, 6070, '2025-11-26', '20:48:13'),
(74937, 18, 0, 6070, '2025-11-26', '20:48:13'),
(74938, 19, 0, 6070, '2025-11-26', '20:48:13'),
(74939, 20, 1, 6070, '2025-11-26', '20:48:13'),
(74940, 21, 0, 6070, '2025-11-26', '20:48:13'),
(74941, 10, 1001, 6116, '2025-11-26', '20:48:13'),
(74942, 11, 295, 6116, '2025-11-26', '20:48:13'),
(74943, 12, 256, 6116, '2025-11-26', '20:48:13'),
(74944, 13, 369, 6116, '2025-11-26', '20:48:13'),
(74945, 14, 500, 6116, '2025-11-26', '20:48:13'),
(74946, 15, 147, 6116, '2025-11-26', '20:48:13'),
(74947, 16, 128, 6116, '2025-11-26', '20:48:13'),
(74948, 17, 184, 6116, '2025-11-26', '20:48:13'),
(74949, 18, 0, 6116, '2025-11-26', '20:48:13'),
(74950, 19, 0, 6116, '2025-11-26', '20:48:13'),
(74951, 20, 1, 6116, '2025-11-26', '20:48:13'),
(74952, 21, 0, 6116, '2025-11-26', '20:48:13'),
(74953, 10, 1000, 6163, '2025-11-26', '20:48:13'),
(74954, 11, 296, 6163, '2025-11-26', '20:48:13'),
(74955, 12, 256, 6163, '2025-11-26', '20:48:13'),
(74956, 13, 368, 6163, '2025-11-26', '20:48:13'),
(74957, 14, 500, 6163, '2025-11-26', '20:48:13'),
(74958, 15, 148, 6163, '2025-11-26', '20:48:13'),
(74959, 16, 128, 6163, '2025-11-26', '20:48:13'),
(74960, 17, 184, 6163, '2025-11-26', '20:48:13'),
(74961, 18, 0, 6163, '2025-11-26', '20:48:13'),
(74962, 19, 0, 6163, '2025-11-26', '20:48:13'),
(74963, 20, 1, 6163, '2025-11-26', '20:48:13'),
(74964, 21, 0, 6163, '2025-11-26', '20:48:13'),
(74965, 10, 1001, 6210, '2025-11-26', '20:48:13'),
(74966, 11, 296, 6210, '2025-11-26', '20:48:13'),
(74967, 12, 256, 6210, '2025-11-26', '20:48:13'),
(74968, 13, 368, 6210, '2025-11-26', '20:48:13'),
(74969, 14, 500, 6210, '2025-11-26', '20:48:13'),
(74970, 15, 148, 6210, '2025-11-26', '20:48:13'),
(74971, 16, 128, 6210, '2025-11-26', '20:48:13'),
(74972, 17, 184, 6210, '2025-11-26', '20:48:13'),
(74973, 18, 0, 6210, '2025-11-26', '20:48:13'),
(74974, 19, 0, 6210, '2025-11-26', '20:48:13'),
(74975, 20, 1, 6210, '2025-11-26', '20:48:13'),
(74976, 21, 0, 6210, '2025-11-26', '20:48:13'),
(74977, 10, 1001, 6258, '2025-11-26', '20:48:13'),
(74978, 11, 296, 6258, '2025-11-26', '20:48:13'),
(74979, 12, 256, 6258, '2025-11-26', '20:48:13'),
(74980, 13, 368, 6258, '2025-11-26', '20:48:13'),
(74981, 14, 500, 6258, '2025-11-26', '20:48:13'),
(74982, 15, 148, 6258, '2025-11-26', '20:48:13'),
(74983, 16, 128, 6258, '2025-11-26', '20:48:13'),
(74984, 17, 184, 6258, '2025-11-26', '20:48:13'),
(74985, 18, 0, 6258, '2025-11-26', '20:48:13'),
(74986, 19, 0, 6258, '2025-11-26', '20:48:13'),
(74987, 20, 1, 6258, '2025-11-26', '20:48:13'),
(74988, 21, 0, 6258, '2025-11-26', '20:48:13'),
(74989, 10, 1000, 6321, '2025-11-26', '20:48:13'),
(74990, 11, 296, 6321, '2025-11-26', '20:48:13'),
(74991, 12, 256, 6321, '2025-11-26', '20:48:13'),
(74992, 13, 368, 6321, '2025-11-26', '20:48:13'),
(74993, 14, 500, 6321, '2025-11-26', '20:48:13'),
(74994, 15, 148, 6321, '2025-11-26', '20:48:13'),
(74995, 16, 128, 6321, '2025-11-26', '20:48:13'),
(74996, 17, 184, 6321, '2025-11-26', '20:48:13'),
(74997, 18, 0, 6321, '2025-11-26', '20:48:13'),
(74998, 19, 0, 6321, '2025-11-26', '20:48:13'),
(74999, 20, 1, 6321, '2025-11-26', '20:48:13'),
(75000, 21, 0, 6321, '2025-11-26', '20:48:13'),
(75001, 10, 1001, 6368, '2025-11-26', '20:48:13'),
(75002, 11, 296, 6368, '2025-11-26', '20:48:13'),
(75003, 12, 257, 6368, '2025-11-26', '20:48:13'),
(75004, 13, 368, 6368, '2025-11-26', '20:48:13'),
(75005, 14, 500, 6368, '2025-11-26', '20:48:13'),
(75006, 15, 148, 6368, '2025-11-26', '20:48:13'),
(75007, 16, 128, 6368, '2025-11-26', '20:48:13'),
(75008, 17, 184, 6368, '2025-11-26', '20:48:13'),
(75009, 18, 0, 6368, '2025-11-26', '20:48:13'),
(75010, 19, 0, 6368, '2025-11-26', '20:48:13'),
(75011, 20, 1, 6368, '2025-11-26', '20:48:13'),
(75012, 21, 0, 6368, '2025-11-26', '20:48:13'),
(75013, 10, 997, 6413, '2025-11-26', '20:48:13'),
(75014, 11, 296, 6413, '2025-11-26', '20:48:13'),
(75015, 12, 257, 6413, '2025-11-26', '20:48:13'),
(75016, 13, 369, 6413, '2025-11-26', '20:48:13'),
(75017, 14, 498, 6413, '2025-11-26', '20:48:13'),
(75018, 15, 148, 6413, '2025-11-26', '20:48:13'),
(75019, 16, 128, 6413, '2025-11-26', '20:48:13'),
(75020, 17, 184, 6413, '2025-11-26', '20:48:13'),
(75021, 18, 0, 6413, '2025-11-26', '20:48:13'),
(75022, 19, 0, 6413, '2025-11-26', '20:48:13'),
(75023, 20, 1, 6413, '2025-11-26', '20:48:13'),
(75024, 21, 0, 6413, '2025-11-26', '20:48:13'),
(75025, 10, 953, 6460, '2025-11-26', '20:48:13'),
(75026, 11, 296, 6460, '2025-11-26', '20:48:13'),
(75027, 12, 257, 6460, '2025-11-26', '20:48:13'),
(75028, 13, 368, 6460, '2025-11-26', '20:48:13'),
(75029, 14, 476, 6460, '2025-11-26', '20:48:13'),
(75030, 15, 148, 6460, '2025-11-26', '20:48:13'),
(75031, 16, 128, 6460, '2025-11-26', '20:48:13'),
(75032, 17, 184, 6460, '2025-11-26', '20:48:13'),
(75033, 18, 0, 6460, '2025-11-26', '20:48:13'),
(75034, 19, 0, 6460, '2025-11-26', '20:48:13'),
(75035, 20, 1, 6460, '2025-11-26', '20:48:13'),
(75036, 21, 0, 6460, '2025-11-26', '20:48:13'),
(75037, 10, 906, 6523, '2025-11-26', '20:48:13'),
(75038, 11, 296, 6523, '2025-11-26', '20:48:13'),
(75039, 12, 257, 6523, '2025-11-26', '20:48:13'),
(75040, 13, 368, 6523, '2025-11-26', '20:48:13'),
(75041, 14, 453, 6523, '2025-11-26', '20:48:13'),
(75042, 15, 148, 6523, '2025-11-26', '20:48:13'),
(75043, 16, 128, 6523, '2025-11-26', '20:48:13'),
(75044, 17, 184, 6523, '2025-11-26', '20:48:13'),
(75045, 18, 0, 6523, '2025-11-26', '20:48:13'),
(75046, 19, 0, 6523, '2025-11-26', '20:48:13'),
(75047, 20, 1, 6523, '2025-11-26', '20:48:13'),
(75048, 21, 0, 6523, '2025-11-26', '20:48:13'),
(75049, 10, 862, 6570, '2025-11-26', '20:48:13'),
(75050, 11, 296, 6570, '2025-11-26', '20:48:13'),
(75051, 12, 257, 6570, '2025-11-26', '20:48:13'),
(75052, 13, 368, 6570, '2025-11-26', '20:48:13'),
(75053, 14, 431, 6570, '2025-11-26', '20:48:13'),
(75054, 15, 148, 6570, '2025-11-26', '20:48:13'),
(75055, 16, 128, 6570, '2025-11-26', '20:48:13'),
(75056, 17, 184, 6570, '2025-11-26', '20:48:13'),
(75057, 18, 0, 6570, '2025-11-26', '20:48:13'),
(75058, 19, 0, 6570, '2025-11-26', '20:48:13'),
(75059, 20, 1, 6570, '2025-11-26', '20:48:13'),
(75060, 21, 0, 6570, '2025-11-26', '20:48:13'),
(75061, 10, 821, 6617, '2025-11-26', '20:48:13'),
(75062, 11, 296, 6617, '2025-11-26', '20:48:13'),
(75063, 12, 257, 6617, '2025-11-26', '20:48:13'),
(75064, 13, 368, 6617, '2025-11-26', '20:48:13'),
(75065, 14, 410, 6617, '2025-11-26', '20:48:13'),
(75066, 15, 148, 6617, '2025-11-26', '20:48:13'),
(75067, 16, 128, 6617, '2025-11-26', '20:48:13'),
(75068, 17, 184, 6617, '2025-11-26', '20:48:13'),
(75069, 18, 0, 6617, '2025-11-26', '20:48:13'),
(75070, 19, 0, 6617, '2025-11-26', '20:48:13'),
(75071, 20, 1, 6617, '2025-11-26', '20:48:13'),
(75072, 21, 0, 6617, '2025-11-26', '20:48:13'),
(75073, 10, 779, 6663, '2025-11-26', '20:48:13'),
(75074, 11, 296, 6663, '2025-11-26', '20:48:13'),
(75075, 12, 257, 6663, '2025-11-26', '20:48:13'),
(75076, 13, 368, 6663, '2025-11-26', '20:48:13'),
(75077, 14, 389, 6663, '2025-11-26', '20:48:13'),
(75078, 15, 148, 6663, '2025-11-26', '20:48:13'),
(75079, 16, 128, 6663, '2025-11-26', '20:48:13'),
(75080, 17, 184, 6663, '2025-11-26', '20:48:13'),
(75081, 18, 0, 6663, '2025-11-26', '20:48:13'),
(75082, 19, 0, 6663, '2025-11-26', '20:48:13'),
(75083, 20, 1, 6663, '2025-11-26', '20:48:13'),
(75084, 21, 0, 6663, '2025-11-26', '20:48:13'),
(75085, 10, 742, 6711, '2025-11-26', '20:48:13'),
(75086, 11, 296, 6711, '2025-11-26', '20:48:13'),
(75087, 12, 256, 6711, '2025-11-26', '20:48:13'),
(75088, 13, 368, 6711, '2025-11-26', '20:48:13'),
(75089, 14, 371, 6711, '2025-11-26', '20:48:13'),
(75090, 15, 148, 6711, '2025-11-26', '20:48:13'),
(75091, 16, 128, 6711, '2025-11-26', '20:48:13'),
(75092, 17, 184, 6711, '2025-11-26', '20:48:13'),
(75093, 18, 0, 6711, '2025-11-26', '20:48:13'),
(75094, 19, 0, 6711, '2025-11-26', '20:48:13'),
(75095, 20, 1, 6711, '2025-11-26', '20:48:13'),
(75096, 21, 0, 6711, '2025-11-26', '20:48:13'),
(75097, 10, 711, 6773, '2025-11-26', '20:48:13'),
(75098, 11, 296, 6773, '2025-11-26', '20:48:13'),
(75099, 12, 257, 6773, '2025-11-26', '20:48:13'),
(75100, 13, 368, 6773, '2025-11-26', '20:48:13'),
(75101, 14, 355, 6773, '2025-11-26', '20:48:13'),
(75102, 15, 148, 6773, '2025-11-26', '20:48:13'),
(75103, 16, 128, 6773, '2025-11-26', '20:48:13'),
(75104, 17, 184, 6773, '2025-11-26', '20:48:13'),
(75105, 18, 0, 6773, '2025-11-26', '20:48:13'),
(75106, 19, 0, 6773, '2025-11-26', '20:48:13'),
(75107, 20, 1, 6773, '2025-11-26', '20:48:13'),
(75108, 21, 0, 6773, '2025-11-26', '20:48:13'),
(75109, 10, 679, 6819, '2025-11-26', '20:48:13'),
(75110, 11, 296, 6819, '2025-11-26', '20:48:13'),
(75111, 12, 258, 6819, '2025-11-26', '20:48:13'),
(75112, 13, 368, 6819, '2025-11-26', '20:48:13'),
(75113, 14, 339, 6819, '2025-11-26', '20:48:13'),
(75114, 15, 148, 6819, '2025-11-26', '20:48:13'),
(75115, 16, 129, 6819, '2025-11-26', '20:48:13'),
(75116, 17, 184, 6819, '2025-11-26', '20:48:13'),
(75117, 18, 0, 6819, '2025-11-26', '20:48:13'),
(75118, 19, 0, 6819, '2025-11-26', '20:48:13'),
(75119, 20, 1, 6819, '2025-11-26', '20:48:13'),
(75120, 21, 0, 6819, '2025-11-26', '20:48:13'),
(75121, 10, 650, 6865, '2025-11-26', '20:48:14'),
(75122, 11, 296, 6865, '2025-11-26', '20:48:14'),
(75123, 12, 257, 6865, '2025-11-26', '20:48:14'),
(75124, 13, 368, 6865, '2025-11-26', '20:48:14'),
(75125, 14, 325, 6865, '2025-11-26', '20:48:14'),
(75126, 15, 148, 6865, '2025-11-26', '20:48:14'),
(75127, 16, 128, 6865, '2025-11-26', '20:48:14'),
(75128, 17, 184, 6865, '2025-11-26', '20:48:14'),
(75129, 18, 0, 6865, '2025-11-26', '20:48:14'),
(75130, 19, 0, 6865, '2025-11-26', '20:48:14'),
(75131, 20, 1, 6865, '2025-11-26', '20:48:14'),
(75132, 21, 0, 6865, '2025-11-26', '20:48:14'),
(75133, 10, 619, 6912, '2025-11-26', '20:48:14'),
(75134, 11, 296, 6912, '2025-11-26', '20:48:14'),
(75135, 12, 257, 6912, '2025-11-26', '20:48:14'),
(75136, 13, 368, 6912, '2025-11-26', '20:48:14'),
(75137, 14, 309, 6912, '2025-11-26', '20:48:14'),
(75138, 15, 148, 6912, '2025-11-26', '20:48:14'),
(75139, 16, 128, 6912, '2025-11-26', '20:48:14'),
(75140, 17, 184, 6912, '2025-11-26', '20:48:14'),
(75141, 18, 0, 6912, '2025-11-26', '20:48:14'),
(75142, 19, 0, 6912, '2025-11-26', '20:48:14'),
(75143, 20, 1, 6912, '2025-11-26', '20:48:14'),
(75144, 21, 0, 6912, '2025-11-26', '20:48:14'),
(75145, 10, 593, 6974, '2025-11-26', '20:48:14'),
(75146, 11, 296, 6974, '2025-11-26', '20:48:14'),
(75147, 12, 257, 6974, '2025-11-26', '20:48:14'),
(75148, 13, 368, 6974, '2025-11-26', '20:48:14'),
(75149, 14, 296, 6974, '2025-11-26', '20:48:14'),
(75150, 15, 148, 6974, '2025-11-26', '20:48:14'),
(75151, 16, 128, 6974, '2025-11-26', '20:48:14'),
(75152, 17, 184, 6974, '2025-11-26', '20:48:14'),
(75153, 18, 0, 6974, '2025-11-26', '20:48:14'),
(75154, 19, 0, 6974, '2025-11-26', '20:48:14'),
(75155, 20, 1, 6974, '2025-11-26', '20:48:14'),
(75156, 21, 0, 6974, '2025-11-26', '20:48:14'),
(75157, 10, 566, 7021, '2025-11-26', '20:48:14'),
(75158, 11, 296, 7021, '2025-11-26', '20:48:14'),
(75159, 12, 257, 7021, '2025-11-26', '20:48:14'),
(75160, 13, 368, 7021, '2025-11-26', '20:48:14'),
(75161, 14, 283, 7021, '2025-11-26', '20:48:14'),
(75162, 15, 148, 7021, '2025-11-26', '20:48:14'),
(75163, 16, 128, 7021, '2025-11-26', '20:48:14'),
(75164, 17, 184, 7021, '2025-11-26', '20:48:14'),
(75165, 18, 0, 7021, '2025-11-26', '20:48:14'),
(75166, 19, 0, 7021, '2025-11-26', '20:48:14'),
(75167, 20, 1, 7021, '2025-11-26', '20:48:14'),
(75168, 21, 0, 7021, '2025-11-26', '20:48:14'),
(75169, 10, 540, 7067, '2025-11-26', '20:48:14'),
(75170, 11, 296, 7067, '2025-11-26', '20:48:14'),
(75171, 12, 257, 7067, '2025-11-26', '20:48:14'),
(75172, 13, 368, 7067, '2025-11-26', '20:48:14'),
(75173, 14, 270, 7067, '2025-11-26', '20:48:14'),
(75174, 15, 148, 7067, '2025-11-26', '20:48:14'),
(75175, 16, 128, 7067, '2025-11-26', '20:48:14'),
(75176, 17, 184, 7067, '2025-11-26', '20:48:14'),
(75177, 18, 0, 7067, '2025-11-26', '20:48:14'),
(75178, 19, 0, 7067, '2025-11-26', '20:48:14'),
(75179, 20, 1, 7067, '2025-11-26', '20:48:14'),
(75180, 21, 0, 7067, '2025-11-26', '20:48:14'),
(75181, 10, 517, 7130, '2025-11-26', '20:48:14'),
(75182, 11, 296, 7130, '2025-11-26', '20:48:14'),
(75183, 12, 257, 7130, '2025-11-26', '20:48:14'),
(75184, 13, 368, 7130, '2025-11-26', '20:48:14'),
(75185, 14, 258, 7130, '2025-11-26', '20:48:14'),
(75186, 15, 148, 7130, '2025-11-26', '20:48:14'),
(75187, 16, 128, 7130, '2025-11-26', '20:48:14'),
(75188, 17, 184, 7130, '2025-11-26', '20:48:14'),
(75189, 18, 0, 7130, '2025-11-26', '20:48:14'),
(75190, 19, 0, 7130, '2025-11-26', '20:48:14'),
(75191, 20, 1, 7130, '2025-11-26', '20:48:14'),
(75192, 21, 0, 7130, '2025-11-26', '20:48:14'),
(75193, 10, 495, 7177, '2025-11-26', '20:48:14'),
(75194, 11, 296, 7177, '2025-11-26', '20:48:14'),
(75195, 12, 257, 7177, '2025-11-26', '20:48:14'),
(75196, 13, 368, 7177, '2025-11-26', '20:48:14'),
(75197, 14, 247, 7177, '2025-11-26', '20:48:14'),
(75198, 15, 148, 7177, '2025-11-26', '20:48:14'),
(75199, 16, 128, 7177, '2025-11-26', '20:48:14'),
(75200, 17, 184, 7177, '2025-11-26', '20:48:14'),
(75201, 18, 0, 7177, '2025-11-26', '20:48:14'),
(75202, 19, 0, 7177, '2025-11-26', '20:48:14'),
(75203, 20, 1, 7177, '2025-11-26', '20:48:14'),
(75204, 21, 0, 7177, '2025-11-26', '20:48:14'),
(75205, 10, 476, 7224, '2025-11-26', '20:48:14'),
(75206, 11, 296, 7224, '2025-11-26', '20:48:14'),
(75207, 12, 257, 7224, '2025-11-26', '20:48:14'),
(75208, 13, 368, 7224, '2025-11-26', '20:48:14'),
(75209, 14, 238, 7224, '2025-11-26', '20:48:14'),
(75210, 15, 148, 7224, '2025-11-26', '20:48:14'),
(75211, 16, 128, 7224, '2025-11-26', '20:48:14'),
(75212, 17, 184, 7224, '2025-11-26', '20:48:14'),
(75213, 18, 0, 7224, '2025-11-26', '20:48:14'),
(75214, 19, 0, 7224, '2025-11-26', '20:48:14'),
(75215, 20, 1, 7224, '2025-11-26', '20:48:14'),
(75216, 21, 0, 7224, '2025-11-26', '20:48:14'),
(75217, 10, 461, 7271, '2025-11-26', '20:48:14'),
(75218, 11, 296, 7271, '2025-11-26', '20:48:14'),
(75219, 12, 257, 7271, '2025-11-26', '20:48:14'),
(75220, 13, 368, 7271, '2025-11-26', '20:48:14'),
(75221, 14, 230, 7271, '2025-11-26', '20:48:14'),
(75222, 15, 148, 7271, '2025-11-26', '20:48:14'),
(75223, 16, 128, 7271, '2025-11-26', '20:48:14'),
(75224, 17, 184, 7271, '2025-11-26', '20:48:14'),
(75225, 18, 0, 7271, '2025-11-26', '20:48:14'),
(75226, 19, 0, 7271, '2025-11-26', '20:48:14'),
(75227, 20, 1, 7271, '2025-11-26', '20:48:14'),
(75228, 21, 0, 7271, '2025-11-26', '20:48:14'),
(75229, 10, 450, 7319, '2025-11-26', '20:48:14'),
(75230, 11, 296, 7319, '2025-11-26', '20:48:14'),
(75231, 12, 256, 7319, '2025-11-26', '20:48:14'),
(75232, 13, 368, 7319, '2025-11-26', '20:48:14'),
(75233, 14, 225, 7319, '2025-11-26', '20:48:14'),
(75234, 15, 148, 7319, '2025-11-26', '20:48:14'),
(75235, 16, 128, 7319, '2025-11-26', '20:48:14'),
(75236, 17, 184, 7319, '2025-11-26', '20:48:14'),
(75237, 18, 0, 7319, '2025-11-26', '20:48:14'),
(75238, 19, 0, 7319, '2025-11-26', '20:48:14'),
(75239, 20, 1, 7319, '2025-11-26', '20:48:14'),
(75240, 21, 0, 7319, '2025-11-26', '20:48:14'),
(75241, 10, 438, 7381, '2025-11-26', '20:48:14'),
(75242, 11, 296, 7381, '2025-11-26', '20:48:14'),
(75243, 12, 256, 7381, '2025-11-26', '20:48:14'),
(75244, 13, 368, 7381, '2025-11-26', '20:48:14'),
(75245, 14, 219, 7381, '2025-11-26', '20:48:14'),
(75246, 15, 148, 7381, '2025-11-26', '20:48:14'),
(75247, 16, 128, 7381, '2025-11-26', '20:48:14'),
(75248, 17, 184, 7381, '2025-11-26', '20:48:14'),
(75249, 18, 0, 7381, '2025-11-26', '20:48:14'),
(75250, 19, 0, 7381, '2025-11-26', '20:48:14'),
(75251, 20, 1, 7381, '2025-11-26', '20:48:14'),
(75252, 21, 0, 7381, '2025-11-26', '20:48:14'),
(75253, 10, 427, 7428, '2025-11-26', '20:48:14'),
(75254, 11, 295, 7428, '2025-11-26', '20:48:14'),
(75255, 12, 256, 7428, '2025-11-26', '20:48:14'),
(75256, 13, 369, 7428, '2025-11-26', '20:48:14'),
(75257, 14, 213, 7428, '2025-11-26', '20:48:14'),
(75258, 15, 147, 7428, '2025-11-26', '20:48:14'),
(75259, 16, 128, 7428, '2025-11-26', '20:48:14'),
(75260, 17, 184, 7428, '2025-11-26', '20:48:14'),
(75261, 18, 0, 7428, '2025-11-26', '20:48:14'),
(75262, 19, 0, 7428, '2025-11-26', '20:48:14'),
(75263, 20, 1, 7428, '2025-11-26', '20:48:14'),
(75264, 21, 0, 7428, '2025-11-26', '20:48:14'),
(75265, 10, 421, 7474, '2025-11-26', '20:48:14'),
(75266, 11, 296, 7474, '2025-11-26', '20:48:14'),
(75267, 12, 257, 7474, '2025-11-26', '20:48:14'),
(75268, 13, 368, 7474, '2025-11-26', '20:48:14'),
(75269, 14, 210, 7474, '2025-11-26', '20:48:14'),
(75270, 15, 148, 7474, '2025-11-26', '20:48:14'),
(75271, 16, 128, 7474, '2025-11-26', '20:48:14'),
(75272, 17, 184, 7474, '2025-11-26', '20:48:14'),
(75273, 18, 0, 7474, '2025-11-26', '20:48:14'),
(75274, 19, 0, 7474, '2025-11-26', '20:48:14'),
(75275, 20, 1, 7474, '2025-11-26', '20:48:14'),
(75276, 21, 0, 7474, '2025-11-26', '20:48:14'),
(75277, 10, 420, 7520, '2025-11-26', '20:48:14'),
(75278, 11, 296, 7520, '2025-11-26', '20:48:14'),
(75279, 12, 257, 7520, '2025-11-26', '20:48:14'),
(75280, 13, 368, 7520, '2025-11-26', '20:48:14'),
(75281, 14, 210, 7520, '2025-11-26', '20:48:14'),
(75282, 15, 148, 7520, '2025-11-26', '20:48:14'),
(75283, 16, 128, 7520, '2025-11-26', '20:48:14'),
(75284, 17, 184, 7520, '2025-11-26', '20:48:14'),
(75285, 18, 0, 7520, '2025-11-26', '20:48:14'),
(75286, 19, 0, 7520, '2025-11-26', '20:48:14'),
(75287, 20, 1, 7520, '2025-11-26', '20:48:14'),
(75288, 21, 0, 7520, '2025-11-26', '20:48:14'),
(75289, 10, 420, 7582, '2025-11-26', '20:48:14'),
(75290, 11, 296, 7582, '2025-11-26', '20:48:14'),
(75291, 12, 256, 7582, '2025-11-26', '20:48:14'),
(75292, 13, 368, 7582, '2025-11-26', '20:48:14'),
(75293, 14, 210, 7582, '2025-11-26', '20:48:14'),
(75294, 15, 148, 7582, '2025-11-26', '20:48:14'),
(75295, 16, 128, 7582, '2025-11-26', '20:48:14'),
(75296, 17, 184, 7582, '2025-11-26', '20:48:14'),
(75297, 18, 0, 7582, '2025-11-26', '20:48:14'),
(75298, 19, 0, 7582, '2025-11-26', '20:48:14'),
(75299, 20, 1, 7582, '2025-11-26', '20:48:14'),
(75300, 21, 0, 7582, '2025-11-26', '20:48:14'),
(75301, 10, 420, 7630, '2025-11-26', '20:48:14'),
(75302, 11, 296, 7630, '2025-11-26', '20:48:14'),
(75303, 12, 256, 7630, '2025-11-26', '20:48:14'),
(75304, 13, 368, 7630, '2025-11-26', '20:48:14'),
(75305, 14, 210, 7630, '2025-11-26', '20:48:14'),
(75306, 15, 148, 7630, '2025-11-26', '20:48:14'),
(75307, 16, 128, 7630, '2025-11-26', '20:48:14'),
(75308, 17, 184, 7630, '2025-11-26', '20:48:14'),
(75309, 18, 0, 7630, '2025-11-26', '20:48:14'),
(75310, 19, 0, 7630, '2025-11-26', '20:48:14'),
(75311, 20, 1, 7630, '2025-11-26', '20:48:14'),
(75312, 21, 0, 7630, '2025-11-26', '20:48:14'),
(75313, 10, 420, 7677, '2025-11-26', '20:48:14'),
(75314, 11, 296, 7677, '2025-11-26', '20:48:14'),
(75315, 12, 256, 7677, '2025-11-26', '20:48:14'),
(75316, 13, 368, 7677, '2025-11-26', '20:48:14'),
(75317, 14, 210, 7677, '2025-11-26', '20:48:14'),
(75318, 15, 148, 7677, '2025-11-26', '20:48:14'),
(75319, 16, 128, 7677, '2025-11-26', '20:48:14'),
(75320, 17, 184, 7677, '2025-11-26', '20:48:14'),
(75321, 18, 0, 7677, '2025-11-26', '20:48:14'),
(75322, 19, 0, 7677, '2025-11-26', '20:48:14'),
(75323, 20, 1, 7677, '2025-11-26', '20:48:14'),
(75324, 21, 0, 7677, '2025-11-26', '20:48:14'),
(75325, 10, 420, 7723, '2025-11-26', '20:48:14'),
(75326, 11, 296, 7723, '2025-11-26', '20:48:14'),
(75327, 12, 257, 7723, '2025-11-26', '20:48:14'),
(75328, 13, 368, 7723, '2025-11-26', '20:48:14'),
(75329, 14, 210, 7723, '2025-11-26', '20:48:14'),
(75330, 15, 148, 7723, '2025-11-26', '20:48:14'),
(75331, 16, 128, 7723, '2025-11-26', '20:48:14'),
(75332, 17, 184, 7723, '2025-11-26', '20:48:14'),
(75333, 18, 0, 7723, '2025-11-26', '20:48:14'),
(75334, 19, 0, 7723, '2025-11-26', '20:48:14'),
(75335, 20, 1, 7723, '2025-11-26', '20:48:14'),
(75336, 21, 0, 7723, '2025-11-26', '20:48:14'),
(75337, 10, 420, 7770, '2025-11-26', '20:48:14'),
(75338, 11, 296, 7770, '2025-11-26', '20:48:14'),
(75339, 12, 257, 7770, '2025-11-26', '20:48:14'),
(75340, 13, 368, 7770, '2025-11-26', '20:48:14'),
(75341, 14, 210, 7770, '2025-11-26', '20:48:14'),
(75342, 15, 148, 7770, '2025-11-26', '20:48:14'),
(75343, 16, 128, 7770, '2025-11-26', '20:48:14'),
(75344, 17, 184, 7770, '2025-11-26', '20:48:14'),
(75345, 18, 0, 7770, '2025-11-26', '20:48:14'),
(75346, 19, 0, 7770, '2025-11-26', '20:48:14'),
(75347, 20, 1, 7770, '2025-11-26', '20:48:14'),
(75348, 21, 0, 7770, '2025-11-26', '20:48:14'),
(75349, 10, 421, 7832, '2025-11-26', '20:48:14'),
(75350, 11, 296, 7832, '2025-11-26', '20:48:14'),
(75351, 12, 257, 7832, '2025-11-26', '20:48:14'),
(75352, 13, 368, 7832, '2025-11-26', '20:48:14'),
(75353, 14, 210, 7832, '2025-11-26', '20:48:14'),
(75354, 15, 148, 7832, '2025-11-26', '20:48:14'),
(75355, 16, 128, 7832, '2025-11-26', '20:48:14'),
(75356, 17, 184, 7832, '2025-11-26', '20:48:14'),
(75357, 18, 0, 7832, '2025-11-26', '20:48:14'),
(75358, 19, 0, 7832, '2025-11-26', '20:48:14'),
(75359, 20, 1, 7832, '2025-11-26', '20:48:14'),
(75360, 21, 0, 7832, '2025-11-26', '20:48:14'),
(75361, 10, 420, 7880, '2025-11-26', '20:48:15'),
(75362, 11, 296, 7880, '2025-11-26', '20:48:15'),
(75363, 12, 257, 7880, '2025-11-26', '20:48:15'),
(75364, 13, 368, 7880, '2025-11-26', '20:48:15'),
(75365, 14, 210, 7880, '2025-11-26', '20:48:15'),
(75366, 15, 148, 7880, '2025-11-26', '20:48:15'),
(75367, 16, 128, 7880, '2025-11-26', '20:48:15'),
(75368, 17, 184, 7880, '2025-11-26', '20:48:15'),
(75369, 18, 0, 7880, '2025-11-26', '20:48:15'),
(75370, 19, 0, 7880, '2025-11-26', '20:48:15'),
(75371, 20, 1, 7880, '2025-11-26', '20:48:15'),
(75372, 21, 0, 7880, '2025-11-26', '20:48:15'),
(75373, 10, 420, 7926, '2025-11-26', '20:48:15'),
(75374, 11, 296, 7926, '2025-11-26', '20:48:15'),
(75375, 12, 257, 7926, '2025-11-26', '20:48:15'),
(75376, 13, 368, 7926, '2025-11-26', '20:48:15'),
(75377, 14, 210, 7926, '2025-11-26', '20:48:15'),
(75378, 15, 148, 7926, '2025-11-26', '20:48:15'),
(75379, 16, 128, 7926, '2025-11-26', '20:48:15'),
(75380, 17, 184, 7926, '2025-11-26', '20:48:15'),
(75381, 18, 0, 7926, '2025-11-26', '20:48:15'),
(75382, 19, 0, 7926, '2025-11-26', '20:48:15'),
(75383, 20, 1, 7926, '2025-11-26', '20:48:15'),
(75384, 21, 0, 7926, '2025-11-26', '20:48:15'),
(75385, 10, 420, 7973, '2025-11-26', '20:48:15'),
(75386, 11, 296, 7973, '2025-11-26', '20:48:15'),
(75387, 12, 256, 7973, '2025-11-26', '20:48:15'),
(75388, 13, 368, 7973, '2025-11-26', '20:48:15'),
(75389, 14, 210, 7973, '2025-11-26', '20:48:15'),
(75390, 15, 148, 7973, '2025-11-26', '20:48:15'),
(75391, 16, 128, 7973, '2025-11-26', '20:48:15'),
(75392, 17, 184, 7973, '2025-11-26', '20:48:15'),
(75393, 18, 0, 7973, '2025-11-26', '20:48:15'),
(75394, 19, 0, 7973, '2025-11-26', '20:48:15'),
(75395, 20, 1, 7973, '2025-11-26', '20:48:15'),
(75396, 21, 0, 7973, '2025-11-26', '20:48:15'),
(75397, 10, 420, 8034, '2025-11-26', '20:48:15'),
(75398, 11, 296, 8034, '2025-11-26', '20:48:15'),
(75399, 12, 257, 8034, '2025-11-26', '20:48:15'),
(75400, 13, 368, 8034, '2025-11-26', '20:48:15'),
(75401, 14, 210, 8034, '2025-11-26', '20:48:15'),
(75402, 15, 148, 8034, '2025-11-26', '20:48:15'),
(75403, 16, 128, 8034, '2025-11-26', '20:48:15'),
(75404, 17, 184, 8034, '2025-11-26', '20:48:15'),
(75405, 18, 0, 8034, '2025-11-26', '20:48:15'),
(75406, 19, 0, 8034, '2025-11-26', '20:48:15'),
(75407, 20, 1, 8034, '2025-11-26', '20:48:15'),
(75408, 21, 0, 8034, '2025-11-26', '20:48:15'),
(75409, 10, 420, 8082, '2025-11-26', '20:48:15'),
(75410, 11, 296, 8082, '2025-11-26', '20:48:15'),
(75411, 12, 257, 8082, '2025-11-26', '20:48:15'),
(75412, 13, 368, 8082, '2025-11-26', '20:48:15'),
(75413, 14, 210, 8082, '2025-11-26', '20:48:15'),
(75414, 15, 148, 8082, '2025-11-26', '20:48:15'),
(75415, 16, 128, 8082, '2025-11-26', '20:48:15'),
(75416, 17, 184, 8082, '2025-11-26', '20:48:15'),
(75417, 18, 0, 8082, '2025-11-26', '20:48:15'),
(75418, 19, 0, 8082, '2025-11-26', '20:48:15'),
(75419, 20, 1, 8082, '2025-11-26', '20:48:15'),
(75420, 21, 0, 8082, '2025-11-26', '20:48:15'),
(75421, 10, 420, 8129, '2025-11-26', '20:48:15'),
(75422, 11, 296, 8129, '2025-11-26', '20:48:15'),
(75423, 12, 257, 8129, '2025-11-26', '20:48:15'),
(75424, 13, 368, 8129, '2025-11-26', '20:48:15'),
(75425, 14, 210, 8129, '2025-11-26', '20:48:15'),
(75426, 15, 148, 8129, '2025-11-26', '20:48:15'),
(75427, 16, 128, 8129, '2025-11-26', '20:48:15'),
(75428, 17, 184, 8129, '2025-11-26', '20:48:15'),
(75429, 18, 0, 8129, '2025-11-26', '20:48:15'),
(75430, 19, 0, 8129, '2025-11-26', '20:48:15'),
(75431, 20, 1, 8129, '2025-11-26', '20:48:15'),
(75432, 21, 0, 8129, '2025-11-26', '20:48:15'),
(75433, 10, 420, 8175, '2025-11-26', '20:48:15'),
(75434, 11, 296, 8175, '2025-11-26', '20:48:15'),
(75435, 12, 257, 8175, '2025-11-26', '20:48:15'),
(75436, 13, 368, 8175, '2025-11-26', '20:48:15'),
(75437, 14, 210, 8175, '2025-11-26', '20:48:15'),
(75438, 15, 148, 8175, '2025-11-26', '20:48:15'),
(75439, 16, 128, 8175, '2025-11-26', '20:48:15'),
(75440, 17, 184, 8175, '2025-11-26', '20:48:15'),
(75441, 18, 0, 8175, '2025-11-26', '20:48:15'),
(75442, 19, 0, 8175, '2025-11-26', '20:48:15'),
(75443, 20, 1, 8175, '2025-11-26', '20:48:15'),
(75444, 21, 0, 8175, '2025-11-26', '20:48:15'),
(75445, 10, 420, 8238, '2025-11-26', '20:48:15'),
(75446, 11, 296, 8238, '2025-11-26', '20:48:15'),
(75447, 12, 257, 8238, '2025-11-26', '20:48:15'),
(75448, 13, 368, 8238, '2025-11-26', '20:48:15'),
(75449, 14, 210, 8238, '2025-11-26', '20:48:15'),
(75450, 15, 148, 8238, '2025-11-26', '20:48:15'),
(75451, 16, 128, 8238, '2025-11-26', '20:48:15'),
(75452, 17, 184, 8238, '2025-11-26', '20:48:15'),
(75453, 18, 0, 8238, '2025-11-26', '20:48:15'),
(75454, 19, 0, 8238, '2025-11-26', '20:48:15'),
(75455, 20, 1, 8238, '2025-11-26', '20:48:15'),
(75456, 21, 0, 8238, '2025-11-26', '20:48:15'),
(75457, 10, 420, 8285, '2025-11-26', '20:48:15'),
(75458, 11, 296, 8285, '2025-11-26', '20:48:15'),
(75459, 12, 257, 8285, '2025-11-26', '20:48:15'),
(75460, 13, 368, 8285, '2025-11-26', '20:48:15'),
(75461, 14, 210, 8285, '2025-11-26', '20:48:15'),
(75462, 15, 148, 8285, '2025-11-26', '20:48:15'),
(75463, 16, 128, 8285, '2025-11-26', '20:48:15'),
(75464, 17, 184, 8285, '2025-11-26', '20:48:15'),
(75465, 18, 0, 8285, '2025-11-26', '20:48:15'),
(75466, 19, 0, 8285, '2025-11-26', '20:48:15'),
(75467, 20, 1, 8285, '2025-11-26', '20:48:15'),
(75468, 21, 0, 8285, '2025-11-26', '20:48:15'),
(75469, 10, 420, 8331, '2025-11-26', '20:48:15'),
(75470, 11, 296, 8331, '2025-11-26', '20:48:15'),
(75471, 12, 257, 8331, '2025-11-26', '20:48:15'),
(75472, 13, 368, 8331, '2025-11-26', '20:48:15'),
(75473, 14, 210, 8331, '2025-11-26', '20:48:15'),
(75474, 15, 148, 8331, '2025-11-26', '20:48:15'),
(75475, 16, 128, 8331, '2025-11-26', '20:48:15'),
(75476, 17, 184, 8331, '2025-11-26', '20:48:15'),
(75477, 18, 0, 8331, '2025-11-26', '20:48:15'),
(75478, 19, 0, 8331, '2025-11-26', '20:48:15'),
(75479, 20, 1, 8331, '2025-11-26', '20:48:15'),
(75480, 21, 0, 8331, '2025-11-26', '20:48:15'),
(75481, 10, 420, 8378, '2025-11-26', '20:48:15'),
(75482, 11, 296, 8378, '2025-11-26', '20:48:15'),
(75483, 12, 257, 8378, '2025-11-26', '20:48:15'),
(75484, 13, 368, 8378, '2025-11-26', '20:48:15'),
(75485, 14, 210, 8378, '2025-11-26', '20:48:15'),
(75486, 15, 148, 8378, '2025-11-26', '20:48:15'),
(75487, 16, 128, 8378, '2025-11-26', '20:48:15'),
(75488, 17, 184, 8378, '2025-11-26', '20:48:15'),
(75489, 18, 0, 8378, '2025-11-26', '20:48:15'),
(75490, 19, 0, 8378, '2025-11-26', '20:48:15'),
(75491, 20, 1, 8378, '2025-11-26', '20:48:15'),
(75492, 21, 0, 8378, '2025-11-26', '20:48:15'),
(75493, 10, 420, 8425, '2025-11-26', '20:48:15'),
(75494, 11, 296, 8425, '2025-11-26', '20:48:15'),
(75495, 12, 257, 8425, '2025-11-26', '20:48:15'),
(75496, 13, 368, 8425, '2025-11-26', '20:48:15'),
(75497, 14, 210, 8425, '2025-11-26', '20:48:15'),
(75498, 15, 148, 8425, '2025-11-26', '20:48:15'),
(75499, 16, 128, 8425, '2025-11-26', '20:48:15'),
(75500, 17, 184, 8425, '2025-11-26', '20:48:15'),
(75501, 18, 0, 8425, '2025-11-26', '20:48:15'),
(75502, 19, 0, 8425, '2025-11-26', '20:48:15'),
(75503, 20, 1, 8425, '2025-11-26', '20:48:15'),
(75504, 21, 0, 8425, '2025-11-26', '20:48:15'),
(75505, 10, 420, 8488, '2025-11-26', '20:48:15'),
(75506, 11, 296, 8488, '2025-11-26', '20:48:15'),
(75507, 12, 258, 8488, '2025-11-26', '20:48:15'),
(75508, 13, 368, 8488, '2025-11-26', '20:48:15'),
(75509, 14, 210, 8488, '2025-11-26', '20:48:15'),
(75510, 15, 148, 8488, '2025-11-26', '20:48:15'),
(75511, 16, 129, 8488, '2025-11-26', '20:48:15'),
(75512, 17, 184, 8488, '2025-11-26', '20:48:15'),
(75513, 18, 0, 8488, '2025-11-26', '20:48:15'),
(75514, 19, 0, 8488, '2025-11-26', '20:48:15'),
(75515, 20, 1, 8488, '2025-11-26', '20:48:15'),
(75516, 21, 0, 8488, '2025-11-26', '20:48:15'),
(75517, 10, 420, 8534, '2025-11-26', '20:48:15'),
(75518, 11, 296, 8534, '2025-11-26', '20:48:15'),
(75519, 12, 257, 8534, '2025-11-26', '20:48:15'),
(75520, 13, 368, 8534, '2025-11-26', '20:48:15'),
(75521, 14, 210, 8534, '2025-11-26', '20:48:15'),
(75522, 15, 148, 8534, '2025-11-26', '20:48:15'),
(75523, 16, 128, 8534, '2025-11-26', '20:48:15'),
(75524, 17, 184, 8534, '2025-11-26', '20:48:15'),
(75525, 18, 0, 8534, '2025-11-26', '20:48:15'),
(75526, 19, 0, 8534, '2025-11-26', '20:48:15'),
(75527, 20, 1, 8534, '2025-11-26', '20:48:15'),
(75528, 21, 0, 8534, '2025-11-26', '20:48:15'),
(75529, 10, 420, 8582, '2025-11-26', '20:48:15'),
(75530, 11, 296, 8582, '2025-11-26', '20:48:15'),
(75531, 12, 257, 8582, '2025-11-26', '20:48:15'),
(75532, 13, 368, 8582, '2025-11-26', '20:48:15'),
(75533, 14, 210, 8582, '2025-11-26', '20:48:15'),
(75534, 15, 148, 8582, '2025-11-26', '20:48:15'),
(75535, 16, 128, 8582, '2025-11-26', '20:48:15'),
(75536, 17, 184, 8582, '2025-11-26', '20:48:15'),
(75537, 18, 0, 8582, '2025-11-26', '20:48:15'),
(75538, 19, 0, 8582, '2025-11-26', '20:48:15'),
(75539, 20, 1, 8582, '2025-11-26', '20:48:15'),
(75540, 21, 0, 8582, '2025-11-26', '20:48:15'),
(75541, 10, 420, 8629, '2025-11-26', '20:48:15'),
(75542, 11, 296, 8629, '2025-11-26', '20:48:15'),
(75543, 12, 257, 8629, '2025-11-26', '20:48:15'),
(75544, 13, 368, 8629, '2025-11-26', '20:48:15'),
(75545, 14, 210, 8629, '2025-11-26', '20:48:15'),
(75546, 15, 148, 8629, '2025-11-26', '20:48:15'),
(75547, 16, 128, 8629, '2025-11-26', '20:48:15'),
(75548, 17, 184, 8629, '2025-11-26', '20:48:15'),
(75549, 18, 0, 8629, '2025-11-26', '20:48:15'),
(75550, 19, 0, 8629, '2025-11-26', '20:48:15'),
(75551, 20, 1, 8629, '2025-11-26', '20:48:15'),
(75552, 21, 0, 8629, '2025-11-26', '20:48:15'),
(75553, 10, 420, 8691, '2025-11-26', '20:48:15'),
(75554, 11, 296, 8691, '2025-11-26', '20:48:15'),
(75555, 12, 257, 8691, '2025-11-26', '20:48:15'),
(75556, 13, 368, 8691, '2025-11-26', '20:48:15'),
(75557, 14, 210, 8691, '2025-11-26', '20:48:15'),
(75558, 15, 148, 8691, '2025-11-26', '20:48:15'),
(75559, 16, 128, 8691, '2025-11-26', '20:48:15'),
(75560, 17, 184, 8691, '2025-11-26', '20:48:15'),
(75561, 18, 0, 8691, '2025-11-26', '20:48:15'),
(75562, 19, 0, 8691, '2025-11-26', '20:48:15'),
(75563, 20, 1, 8691, '2025-11-26', '20:48:15'),
(75564, 21, 0, 8691, '2025-11-26', '20:48:15'),
(75565, 10, 421, 8739, '2025-11-26', '20:48:15'),
(75566, 11, 296, 8739, '2025-11-26', '20:48:15'),
(75567, 12, 257, 8739, '2025-11-26', '20:48:15'),
(75568, 13, 368, 8739, '2025-11-26', '20:48:15'),
(75569, 14, 210, 8739, '2025-11-26', '20:48:15'),
(75570, 15, 148, 8739, '2025-11-26', '20:48:15'),
(75571, 16, 128, 8739, '2025-11-26', '20:48:15'),
(75572, 17, 184, 8739, '2025-11-26', '20:48:15'),
(75573, 18, 0, 8739, '2025-11-26', '20:48:15'),
(75574, 19, 0, 8739, '2025-11-26', '20:48:15'),
(75575, 20, 1, 8739, '2025-11-26', '20:48:15'),
(75576, 21, 0, 8739, '2025-11-26', '20:48:15'),
(75577, 10, 420, 8785, '2025-11-26', '20:48:15'),
(75578, 11, 296, 8785, '2025-11-26', '20:48:15'),
(75579, 12, 257, 8785, '2025-11-26', '20:48:15'),
(75580, 13, 368, 8785, '2025-11-26', '20:48:15'),
(75581, 14, 210, 8785, '2025-11-26', '20:48:15'),
(75582, 15, 148, 8785, '2025-11-26', '20:48:15'),
(75583, 16, 128, 8785, '2025-11-26', '20:48:15'),
(75584, 17, 184, 8785, '2025-11-26', '20:48:15'),
(75585, 18, 0, 8785, '2025-11-26', '20:48:15'),
(75586, 19, 0, 8785, '2025-11-26', '20:48:15'),
(75587, 20, 1, 8785, '2025-11-26', '20:48:15'),
(75588, 21, 0, 8785, '2025-11-26', '20:48:15'),
(75589, 10, 420, 8832, '2025-11-26', '20:48:15'),
(75590, 11, 296, 8832, '2025-11-26', '20:48:15'),
(75591, 12, 258, 8832, '2025-11-26', '20:48:15'),
(75592, 13, 368, 8832, '2025-11-26', '20:48:15'),
(75593, 14, 210, 8832, '2025-11-26', '20:48:15'),
(75594, 15, 148, 8832, '2025-11-26', '20:48:15'),
(75595, 16, 129, 8832, '2025-11-26', '20:48:15'),
(75596, 17, 184, 8832, '2025-11-26', '20:48:15'),
(75597, 18, 0, 8832, '2025-11-26', '20:48:15'),
(75598, 19, 0, 8832, '2025-11-26', '20:48:15'),
(75599, 20, 1, 8832, '2025-11-26', '20:48:15'),
(75600, 21, 0, 8832, '2025-11-26', '20:48:15'),
(75601, 10, 420, 8880, '2025-11-26', '20:48:16'),
(75602, 11, 296, 8880, '2025-11-26', '20:48:16'),
(75603, 12, 257, 8880, '2025-11-26', '20:48:16'),
(75604, 13, 368, 8880, '2025-11-26', '20:48:16'),
(75605, 14, 210, 8880, '2025-11-26', '20:48:16'),
(75606, 15, 148, 8880, '2025-11-26', '20:48:16'),
(75607, 16, 128, 8880, '2025-11-26', '20:48:16'),
(75608, 17, 184, 8880, '2025-11-26', '20:48:16'),
(75609, 18, 0, 8880, '2025-11-26', '20:48:16'),
(75610, 19, 0, 8880, '2025-11-26', '20:48:16'),
(75611, 20, 1, 8880, '2025-11-26', '20:48:16'),
(75612, 21, 0, 8880, '2025-11-26', '20:48:16'),
(75613, 10, 421, 8942, '2025-11-26', '20:48:16'),
(75614, 11, 296, 8942, '2025-11-26', '20:48:16'),
(75615, 12, 258, 8942, '2025-11-26', '20:48:16'),
(75616, 13, 368, 8942, '2025-11-26', '20:48:16'),
(75617, 14, 210, 8942, '2025-11-26', '20:48:16'),
(75618, 15, 148, 8942, '2025-11-26', '20:48:16'),
(75619, 16, 129, 8942, '2025-11-26', '20:48:16'),
(75620, 17, 184, 8942, '2025-11-26', '20:48:16'),
(75621, 18, 0, 8942, '2025-11-26', '20:48:16'),
(75622, 19, 0, 8942, '2025-11-26', '20:48:16'),
(75623, 20, 1, 8942, '2025-11-26', '20:48:16'),
(75624, 21, 0, 8942, '2025-11-26', '20:48:16'),
(75625, 10, 420, 8989, '2025-11-26', '20:48:16'),
(75626, 11, 296, 8989, '2025-11-26', '20:48:16'),
(75627, 12, 257, 8989, '2025-11-26', '20:48:16'),
(75628, 13, 368, 8989, '2025-11-26', '20:48:16'),
(75629, 14, 210, 8989, '2025-11-26', '20:48:16'),
(75630, 15, 148, 8989, '2025-11-26', '20:48:16'),
(75631, 16, 128, 8989, '2025-11-26', '20:48:16'),
(75632, 17, 184, 8989, '2025-11-26', '20:48:16'),
(75633, 18, 0, 8989, '2025-11-26', '20:48:16'),
(75634, 19, 0, 8989, '2025-11-26', '20:48:16'),
(75635, 20, 1, 8989, '2025-11-26', '20:48:16'),
(75636, 21, 0, 8989, '2025-11-26', '20:48:16');

-- --------------------------------------------------------

--
-- Estructura de tabla para la tabla `int_usuarios`
--

CREATE TABLE `int_usuarios` (
  `id` int(10) UNSIGNED NOT NULL,
  `int_usuarios_tipo_id` int(10) UNSIGNED NOT NULL,
  `nombres` varchar(255) NOT NULL,
  `apellidos` varchar(255) NOT NULL,
  `email` blob NOT NULL,
  `clave` varchar(30) NOT NULL
) ENGINE=InnoDB DEFAULT CHARSET=utf8 COLLATE=utf8_unicode_ci;

--
-- Volcado de datos para la tabla `int_usuarios`
--

INSERT INTO `int_usuarios` (`id`, `int_usuarios_tipo_id`, `nombres`, `apellidos`, `email`, `clave`) VALUES
(1, 1, 'Super', 'User', 0x726f6f7440756e6976616c6c652e6564752e636f, '1234'),
(2, 2, 'Exp. 1', 'Controller', 0x657870312e636f6e74726f6c40756e6976616c6c652e6564752e636f, '1234'),
(3, 3, 'Exp. 2', 'Controller', 0x657870322e636f6e74726f6c40756e6976616c6c652e6564752e636f, '1234'),
(4, 4, 'Exp. 3', 'Controller', 0x657870332e636f6e74726f6c40756e6976616c6c652e6564752e636f, '1234'),
(5, 5, 'Exp. 1', 'Monitor1', 0x657870312e6d6f6e69746f723140756e6976616c6c652e6564752e636f, '1234'),
(6, 5, 'Exp. 1', 'Monitor2', 0x657870312e6d6f6e69746f723240756e6976616c6c652e6564752e636f, '1234'),
(7, 6, 'Exp. 2', 'Monitor1', 0x657870322e6d6f6e69746f723140756e6976616c6c652e6564752e636f, '1234'),
(8, 6, 'Exp. 2', 'Monitor2', 0x657870322e6d6f6e69746f723240756e6976616c6c652e6564752e636f, '1234'),
(9, 7, 'Exp. 3', 'Monitor1', 0x657870332e6d6f6e69746f723140756e6976616c6c652e6564752e636f, '1234'),
(10, 7, 'Exp. 3', 'Monitor2', 0x657870332e6d6f6e69746f723240756e6976616c6c652e6564752e636f, '1234');

-- --------------------------------------------------------

--
-- Estructura de tabla para la tabla `int_usuarios_priv`
--

CREATE TABLE `int_usuarios_priv` (
  `id` int(10) UNSIGNED NOT NULL,
  `int_usuarios_tipo_id` int(10) UNSIGNED NOT NULL,
  `control` enum('0','1') NOT NULL,
  `configuracion` enum('0','1') NOT NULL,
  `descarga_datos` enum('0','1') NOT NULL,
  `monitor` enum('0','1') NOT NULL,
  `envio_datos` enum('0','1') NOT NULL
) ENGINE=InnoDB DEFAULT CHARSET=utf8 COLLATE=utf8_unicode_ci;

--
-- Volcado de datos para la tabla `int_usuarios_priv`
--

INSERT INTO `int_usuarios_priv` (`id`, `int_usuarios_tipo_id`, `control`, `configuracion`, `descarga_datos`, `monitor`, `envio_datos`) VALUES
(1, 1, '1', '1', '1', '1', '1'),
(2, 2, '1', '1', '1', '1', '1'),
(3, 3, '1', '1', '1', '0', '1'),
(4, 4, '1', '1', '1', '1', '1'),
(5, 5, '0', '0', '1', '1', '0'),
(6, 6, '0', '0', '1', '1', '0'),
(7, 7, '0', '0', '1', '1', '0');

-- --------------------------------------------------------

--
-- Estructura de tabla para la tabla `int_usuarios_proceso`
--

CREATE TABLE `int_usuarios_proceso` (
  `id` int(10) UNSIGNED NOT NULL,
  `int_proceso_id` int(10) UNSIGNED NOT NULL,
  `int_usuarios_id` int(10) UNSIGNED NOT NULL,
  `fecha` date NOT NULL,
  `hora_inicio` time NOT NULL,
  `hora_fin` time NOT NULL,
  `hits` int(10) UNSIGNED NOT NULL
) ENGINE=InnoDB DEFAULT CHARSET=utf8 COLLATE=utf8_unicode_ci;

--
-- Volcado de datos para la tabla `int_usuarios_proceso`
--

INSERT INTO `int_usuarios_proceso` (`id`, `int_proceso_id`, `int_usuarios_id`, `fecha`, `hora_inicio`, `hora_fin`, `hits`) VALUES
(1, 1, 2, '2014-05-05', '08:00:00', '10:00:00', 1),
(2, 1, 2, '2014-05-06', '08:00:00', '10:00:00', 1),
(3, 1, 2, '2014-05-07', '08:00:00', '10:00:00', 1),
(4, 1, 5, '2014-05-05', '10:00:00', '11:00:00', 1),
(5, 1, 5, '2014-05-05', '08:00:00', '10:00:00', 1),
(6, 1, 6, '2014-05-06', '10:00:00', '11:00:00', 1),
(7, 1, 6, '2014-05-06', '08:00:00', '10:00:00', 1),
(8, 1, 6, '2014-05-06', '12:00:00', '13:00:00', 1),
(9, 2, 3, '2014-05-07', '08:00:00', '10:00:00', 1),
(10, 2, 3, '2014-05-07', '14:00:00', '16:00:00', 1),
(11, 2, 3, '2014-05-08', '10:00:00', '12:00:00', 1),
(12, 2, 7, '2014-05-07', '10:00:00', '12:00:00', 1),
(13, 2, 7, '2014-05-08', '10:00:00', '12:00:00', 1),
(14, 2, 8, '2014-05-08', '10:00:00', '12:00:00', 1),
(15, 2, 8, '2014-05-07', '10:00:00', '12:00:00', 1),
(16, 2, 8, '2014-05-07', '14:00:00', '16:00:00', 1),
(17, 2, 8, '2014-05-09', '14:00:00', '16:00:00', 1);

-- --------------------------------------------------------

--
-- Estructura de tabla para la tabla `int_usuarios_tipo`
--

CREATE TABLE `int_usuarios_tipo` (
  `id` int(10) UNSIGNED NOT NULL,
  `nombre` varchar(80) NOT NULL,
  `descripcion` blob NOT NULL
) ENGINE=InnoDB DEFAULT CHARSET=utf8 COLLATE=utf8_unicode_ci;

--
-- Volcado de datos para la tabla `int_usuarios_tipo`
--

INSERT INTO `int_usuarios_tipo` (`id`, `nombre`, `descripcion`) VALUES
(1, 'Admin', 0x41646d696e6973747261646f72),
(2, 'ControlExp1', 0x436f6e74726f6c61646f72204578702e204e6f2e2031),
(3, 'ControlExp2', 0x436f6e74726f6c61646f72204578702e204e6f2e2032),
(4, 'ControlExp3', 0x436f6e74726f6c61646f72204578702e204e6f2e2033),
(5, 'ViewExp1', 0x537570657276697369c3b36e204578702e204e6f2e2031),
(6, 'ViewExp2', 0x537570657276697369c3b36e204578702e204e6f2e2032),
(7, 'ViewExp3', 0x537570657276697369c3b36e204578702e204e6f2e2033);

--
-- Índices para tablas volcadas
--

--
-- Indices de la tabla `int_proceso`
--
ALTER TABLE `int_proceso`
  ADD PRIMARY KEY (`id`),
  ADD KEY `int_proceo_FKIndex1` (`int_proceso_tipo_id`);

--
-- Indices de la tabla `int_proceso_control`
--
ALTER TABLE `int_proceso_control`
  ADD PRIMARY KEY (`id`),
  ADD KEY `int_proceso_control_FKIndex1` (`int_proceso_id`);

--
-- Indices de la tabla `int_proceso_refs`
--
ALTER TABLE `int_proceso_refs`
  ADD PRIMARY KEY (`id`),
  ADD KEY `int_proceso_refs_FKIndex1` (`int_proceso_id`);

--
-- Indices de la tabla `int_proceso_refs_data`
--
ALTER TABLE `int_proceso_refs_data`
  ADD PRIMARY KEY (`id`),
  ADD KEY `int_proceso_refs_data_FKIndex1` (`int_proceso_refs_id`);

--
-- Indices de la tabla `int_proceso_tipo`
--
ALTER TABLE `int_proceso_tipo`
  ADD PRIMARY KEY (`id`);

--
-- Indices de la tabla `int_proceso_vars`
--
ALTER TABLE `int_proceso_vars`
  ADD PRIMARY KEY (`id`),
  ADD KEY `int_proceso_vars_FKIndex1` (`int_proceso_id`);

--
-- Indices de la tabla `int_proceso_vars_data`
--
ALTER TABLE `int_proceso_vars_data`
  ADD PRIMARY KEY (`id`),
  ADD KEY `int_proceso_vars_data_FKIndex1` (`int_proceso_vars_id`);

--
-- Indices de la tabla `int_usuarios`
--
ALTER TABLE `int_usuarios`
  ADD PRIMARY KEY (`id`),
  ADD KEY `int_usuarios_FKIndex1` (`int_usuarios_tipo_id`);

--
-- Indices de la tabla `int_usuarios_priv`
--
ALTER TABLE `int_usuarios_priv`
  ADD PRIMARY KEY (`id`),
  ADD KEY `int_usuarios_priv_FKIndex1` (`int_usuarios_tipo_id`);

--
-- Indices de la tabla `int_usuarios_proceso`
--
ALTER TABLE `int_usuarios_proceso`
  ADD PRIMARY KEY (`id`),
  ADD KEY `Table_12_FKIndex1` (`int_usuarios_id`),
  ADD KEY `Table_12_FKIndex2` (`int_proceso_id`);

--
-- Indices de la tabla `int_usuarios_tipo`
--
ALTER TABLE `int_usuarios_tipo`
  ADD PRIMARY KEY (`id`);

--
-- AUTO_INCREMENT de las tablas volcadas
--

--
-- AUTO_INCREMENT de la tabla `int_proceso`
--
ALTER TABLE `int_proceso`
  MODIFY `id` int(10) UNSIGNED NOT NULL AUTO_INCREMENT, AUTO_INCREMENT=4;

--
-- AUTO_INCREMENT de la tabla `int_proceso_control`
--
ALTER TABLE `int_proceso_control`
  MODIFY `id` int(10) UNSIGNED NOT NULL AUTO_INCREMENT, AUTO_INCREMENT=3;

--
-- AUTO_INCREMENT de la tabla `int_proceso_refs`
--
ALTER TABLE `int_proceso_refs`
  MODIFY `id` int(10) UNSIGNED NOT NULL AUTO_INCREMENT, AUTO_INCREMENT=8;

--
-- AUTO_INCREMENT de la tabla `int_proceso_refs_data`
--
ALTER TABLE `int_proceso_refs_data`
  MODIFY `id` int(10) UNSIGNED NOT NULL AUTO_INCREMENT, AUTO_INCREMENT=49;

--
-- AUTO_INCREMENT de la tabla `int_proceso_tipo`
--
ALTER TABLE `int_proceso_tipo`
  MODIFY `id` int(10) UNSIGNED NOT NULL AUTO_INCREMENT, AUTO_INCREMENT=4;

--
-- AUTO_INCREMENT de la tabla `int_proceso_vars`
--
ALTER TABLE `int_proceso_vars`
  MODIFY `id` int(10) UNSIGNED NOT NULL AUTO_INCREMENT, AUTO_INCREMENT=22;

--
-- AUTO_INCREMENT de la tabla `int_proceso_vars_data`
--
ALTER TABLE `int_proceso_vars_data`
  MODIFY `id` int(10) UNSIGNED NOT NULL AUTO_INCREMENT, AUTO_INCREMENT=75637;

--
-- AUTO_INCREMENT de la tabla `int_usuarios`
--
ALTER TABLE `int_usuarios`
  MODIFY `id` int(10) UNSIGNED NOT NULL AUTO_INCREMENT, AUTO_INCREMENT=11;

--
-- AUTO_INCREMENT de la tabla `int_usuarios_priv`
--
ALTER TABLE `int_usuarios_priv`
  MODIFY `id` int(10) UNSIGNED NOT NULL AUTO_INCREMENT, AUTO_INCREMENT=8;

--
-- AUTO_INCREMENT de la tabla `int_usuarios_proceso`
--
ALTER TABLE `int_usuarios_proceso`
  MODIFY `id` int(10) UNSIGNED NOT NULL AUTO_INCREMENT, AUTO_INCREMENT=18;

--
-- AUTO_INCREMENT de la tabla `int_usuarios_tipo`
--
ALTER TABLE `int_usuarios_tipo`
  MODIFY `id` int(10) UNSIGNED NOT NULL AUTO_INCREMENT, AUTO_INCREMENT=8;

--
-- Restricciones para tablas volcadas
--

--
-- Filtros para la tabla `int_proceso`
--
ALTER TABLE `int_proceso`
  ADD CONSTRAINT `int_proceso_ibfk_1` FOREIGN KEY (`int_proceso_tipo_id`) REFERENCES `int_proceso_tipo` (`id`) ON UPDATE NO ACTION;

--
-- Filtros para la tabla `int_proceso_control`
--
ALTER TABLE `int_proceso_control`
  ADD CONSTRAINT `int_proceso_control_ibfk_1` FOREIGN KEY (`int_proceso_id`) REFERENCES `int_proceso` (`id`) ON UPDATE NO ACTION;

--
-- Filtros para la tabla `int_proceso_refs`
--
ALTER TABLE `int_proceso_refs`
  ADD CONSTRAINT `int_proceso_refs_ibfk_1` FOREIGN KEY (`int_proceso_id`) REFERENCES `int_proceso` (`id`) ON UPDATE NO ACTION;

--
-- Filtros para la tabla `int_proceso_refs_data`
--
ALTER TABLE `int_proceso_refs_data`
  ADD CONSTRAINT `int_proceso_refs_data_ibfk_1` FOREIGN KEY (`int_proceso_refs_id`) REFERENCES `int_proceso_refs` (`id`) ON UPDATE NO ACTION;

--
-- Filtros para la tabla `int_proceso_vars`
--
ALTER TABLE `int_proceso_vars`
  ADD CONSTRAINT `int_proceso_vars_ibfk_1` FOREIGN KEY (`int_proceso_id`) REFERENCES `int_proceso` (`id`) ON UPDATE NO ACTION;

--
-- Filtros para la tabla `int_proceso_vars_data`
--
ALTER TABLE `int_proceso_vars_data`
  ADD CONSTRAINT `int_proceso_vars_data_ibfk_1` FOREIGN KEY (`int_proceso_vars_id`) REFERENCES `int_proceso_vars` (`id`) ON UPDATE NO ACTION;

--
-- Filtros para la tabla `int_usuarios`
--
ALTER TABLE `int_usuarios`
  ADD CONSTRAINT `int_usuarios_ibfk_1` FOREIGN KEY (`int_usuarios_tipo_id`) REFERENCES `int_usuarios_tipo` (`id`) ON UPDATE NO ACTION;

--
-- Filtros para la tabla `int_usuarios_priv`
--
ALTER TABLE `int_usuarios_priv`
  ADD CONSTRAINT `int_usuarios_priv_ibfk_1` FOREIGN KEY (`int_usuarios_tipo_id`) REFERENCES `int_usuarios_tipo` (`id`) ON UPDATE NO ACTION;

--
-- Filtros para la tabla `int_usuarios_proceso`
--
ALTER TABLE `int_usuarios_proceso`
  ADD CONSTRAINT `int_usuarios_proceso_ibfk_1` FOREIGN KEY (`int_usuarios_id`) REFERENCES `int_usuarios` (`id`) ON UPDATE NO ACTION,
  ADD CONSTRAINT `int_usuarios_proceso_ibfk_2` FOREIGN KEY (`int_proceso_id`) REFERENCES `int_proceso` (`id`) ON UPDATE NO ACTION;
COMMIT;

/*!40101 SET CHARACTER_SET_CLIENT=@OLD_CHARACTER_SET_CLIENT */;
/*!40101 SET CHARACTER_SET_RESULTS=@OLD_CHARACTER_SET_RESULTS */;
/*!40101 SET COLLATION_CONNECTION=@OLD_COLLATION_CONNECTION */;
