-- phpMyAdmin SQL Dump
-- version 5.2.1
-- https://www.phpmyadmin.net/
--
-- Servidor: 127.0.0.1
-- Tiempo de generación: 27-11-2025 a las 01:10:48
-- Versión del servidor: 10.4.32-MariaDB
-- Versión de PHP: 8.2.12

SET SQL_MODE = "NO_AUTO_VALUE_ON_ZERO";
START TRANSACTION;
SET time_zone = "+00:00";


/*!40101 SET @OLD_CHARACTER_SET_CLIENT=@@CHARACTER_SET_CLIENT */;
/*!40101 SET @OLD_CHARACTER_SET_RESULTS=@@CHARACTER_SET_RESULTS */;
/*!40101 SET @OLD_COLLATION_CONNECTION=@@COLLATION_CONNECTION */;
/*!40101 SET NAMES utf8mb4 */;

--
-- Base de datos: `laboratorio_virtual`
--

-- --------------------------------------------------------

--
-- Estructura de tabla para la tabla `int_proceso`
--

CREATE TABLE `int_proceso` (
  `id` int(10) UNSIGNED NOT NULL,
  `int_proceso_tipo_id` int(10) UNSIGNED NOT NULL,
  `nombre` varchar(255) NOT NULL,
  `descripcion` varchar(500) NOT NULL,
  `tiempo_muestreo` int(11) NOT NULL,
  `tiempo_muestreo_2` int(11) NOT NULL,
  `archivo_especificaciones` varchar(500) NOT NULL,
  `archivo_manual` varchar(500) NOT NULL
) ENGINE=InnoDB DEFAULT CHARSET=utf8 COLLATE=utf8_unicode_ci;

--
-- Volcado de datos para la tabla `int_proceso`
--

INSERT INTO `int_proceso` (`id`, `int_proceso_tipo_id`, `nombre`, `descripcion`, `tiempo_muestreo`, `tiempo_muestreo_2`, `archivo_especificaciones`, `archivo_manual`) VALUES
(1, 1, 'Control de nivel', 'Control de nivel de uno o dos tanques acoplados', 0, 0, 'controlNivel.txt', 'guiaControlNivel.pdf'),
(2, 2, 'Control de temperatura', 'Control de temperatura en un tanque', 1, 0, 'controlTemperatura.txt', 'guiaControlTemperatura.pdf'),
(3, 3, 'Arduino Uno', 'Proceso de lectura de 8 canales analógicos, 4 digitales y generación de 4 salidas digitales.', 50, 100, 'https://docs.arduino.cc/resources/schematics/A000066-schematics.pdf', 'https://docs.arduino.cc/resources/datasheets/A000066-datasheet.pdf');

-- --------------------------------------------------------

--
-- Estructura de tabla para la tabla `int_proceso_control`
--

CREATE TABLE `int_proceso_control` (
  `id` int(10) UNSIGNED NOT NULL,
  `int_proceso_id` int(10) UNSIGNED NOT NULL,
  `nombre` varchar(80) NOT NULL,
  `descripcion` blob NOT NULL,
  `parametro1` float(5,5) NOT NULL,
  `parametro2` float(5,5) NOT NULL,
  `parametro3` float(5,5) NOT NULL,
  `parametro4` float(5,5) NOT NULL
) ENGINE=InnoDB DEFAULT CHARSET=utf8 COLLATE=utf8_unicode_ci;

--
-- Volcado de datos para la tabla `int_proceso_control`
--

INSERT INTO `int_proceso_control` (`id`, `int_proceso_id`, `nombre`, `descripcion`, `parametro1`, `parametro2`, `parametro3`, `parametro4`) VALUES
(1, 1, 'Control RST', 0x436f6e74726f6c206469676974616c207469706f20525354, 0.10000, 0.20000, 0.30000, 0.00000),
(2, 2, 'Control PID', 0x436f6e74726f6c20616e616cc3b36769636f207469706f20504944, 0.99999, 0.10000, 0.50000, 0.00000);

-- --------------------------------------------------------

--
-- Estructura de tabla para la tabla `int_proceso_refs`
--

CREATE TABLE `int_proceso_refs` (
  `id` int(10) UNSIGNED NOT NULL,
  `int_proceso_id` int(10) UNSIGNED NOT NULL,
  `nombre` varchar(80) NOT NULL,
  `descripcion` varchar(500) NOT NULL,
  `max_2` int(11) NOT NULL,
  `min` int(11) NOT NULL
) ENGINE=InnoDB DEFAULT CHARSET=utf8 COLLATE=utf8_unicode_ci;

--
-- Volcado de datos para la tabla `int_proceso_refs`
--

INSERT INTO `int_proceso_refs` (`id`, `int_proceso_id`, `nombre`, `descripcion`, `max_2`, `min`) VALUES
(1, 1, 'Nivel Tanque 1', 'Nivel deseado del tanque No. 1', 1, 0),
(2, 1, 'Nivel Tanque 2', 'Nivel deseado del tanque No. 2', 1, 0),
(3, 2, 'Temperatura Tanque 1', 'Temperatura deseada del tanque No. 1', 1, 0),
(4, 3, 'DOUT0', 'Digital out 0', 1, 0),
(5, 3, 'DOUT1', 'Digital out 1', 1, 0),
(6, 3, 'DOUT2', 'Digital out 2', 1, 0),
(7, 3, 'DOUT3', 'Digital out 3', 1, 0);

-- --------------------------------------------------------

--
-- Estructura de tabla para la tabla `int_proceso_refs_data`
--

CREATE TABLE `int_proceso_refs_data` (
  `id` int(10) UNSIGNED NOT NULL,
  `int_proceso_refs_id` int(10) UNSIGNED NOT NULL,
  `valor` int(11) NOT NULL,
  `tiempo` int(11) NOT NULL,
  `fecha` date NOT NULL,
  `hora` time NOT NULL
) ENGINE=InnoDB DEFAULT CHARSET=utf8 COLLATE=utf8_unicode_ci;

-- --------------------------------------------------------

--
-- Estructura de tabla para la tabla `int_proceso_tipo`
--

CREATE TABLE `int_proceso_tipo` (
  `id` int(10) UNSIGNED NOT NULL,
  `nombre` varchar(80) NOT NULL,
  `descripcion` blob NOT NULL
) ENGINE=InnoDB DEFAULT CHARSET=utf8 COLLATE=utf8_unicode_ci;

--
-- Volcado de datos para la tabla `int_proceso_tipo`
--

INSERT INTO `int_proceso_tipo` (`id`, `nombre`, `descripcion`) VALUES
(1, 'Digital', 0x436f6e74726f6c204469676974616c20646520756e2070726f6365736f),
(2, 'Analógico', 0x436f6e74726f6c20416e616cc3b36769636f20646520756e2070726f6365736f),
(3, 'Hibrido', 0x436f6e74726f6c204469676974616c207920416e616cc3b36769636f20646520756e2070726f6365736f);

-- --------------------------------------------------------

--
-- Estructura de tabla para la tabla `int_proceso_vars`
--

CREATE TABLE `int_proceso_vars` (
  `id` int(10) UNSIGNED NOT NULL,
  `int_proceso_id` int(10) UNSIGNED NOT NULL,
  `nombre` varchar(80) NOT NULL,
  `descripcion` varchar(500) NOT NULL,
  `max_2` int(11) NOT NULL,
  `min` int(11) NOT NULL
) ENGINE=InnoDB DEFAULT CHARSET=utf8 COLLATE=utf8_unicode_ci;

--
-- Volcado de datos para la tabla `int_proceso_vars`
--

INSERT INTO `int_proceso_vars` (`id`, `int_proceso_id`, `nombre`, `descripcion`, `max_2`, `min`) VALUES
(1, 1, 'Error Nivel Tanque 1', 'Error del nivel en el tanque No. 1', 1, 0),
(2, 1, 'Error Nivel Tanque 2', 'Error del nivel en el tanque No. 2', 1, 0),
(3, 1, 'Salida Controlador Nivel Tanque 1', 'Salida Controlador del nivel en el tanque No. 1', 1, 0),
(4, 1, 'Salida Controlador Nivel Tanque 2', 'Salida Controlador del nivel en el tanque No. 2', 1, 0),
(5, 1, 'Medida Nivel Tanque 1', 'Medida del nivel en el tanque No. 1', 1, 0),
(6, 1, 'Medida Nivel Tanque 2', 'Medida del nivel en el tanque No. 2', 1, 0),
(7, 2, 'Error Temperatura Tanque 1', 'Error del temperatura en el tanque No. 1', 1, 0),
(8, 2, 'Salida Controlador Temperatura Tanque 1', 'Salida Controlador del temperatura en el tanque No. 1', 1, 0),
(9, 2, 'Medida Temperatura Tanque 1', 'Medida del temperatura en el tanque No. 1', 1, 0),
(10, 3, 'ADC0', 'Canal analógico 0', 1023, 0),
(11, 3, 'ADC1', 'Canal analógico 1', 1023, 0),
(12, 3, 'ADC2', 'Canal analógico 2', 1023, 0),
(13, 3, 'ADC3', 'Canal analógico 3', 1023, 0),
(14, 3, 'ADC4', 'Canal analógico 4', 1023, 0),
(15, 3, 'ADC5', 'Canal analógico 5', 1023, 0),
(16, 3, 'ADC6', 'Canal analógico 6', 1023, 0),
(17, 3, 'ADC7', 'Canal analógico 7', 1023, 0),
(18, 3, 'DIN0', 'Digital in 0', 1, 0),
(19, 3, 'DIN1', 'Digital in 1', 1, 0),
(20, 3, 'DIN2', 'Digital in 2', 1, 0),
(21, 3, 'DIN3', 'Digital in 3', 1, 0);

-- --------------------------------------------------------

--
-- Estructura de tabla para la tabla `int_proceso_vars_data`
--

CREATE TABLE `int_proceso_vars_data` (
  `id` int(10) UNSIGNED NOT NULL,
  `int_proceso_vars_id` int(10) UNSIGNED NOT NULL,
  `valor` int(11) NOT NULL,
  `tiempo` int(11) NOT NULL,
  `fecha` date NOT NULL,
  `hora` time NOT NULL
) ENGINE=InnoDB DEFAULT CHARSET=utf8 COLLATE=utf8_unicode_ci;

--
-- Volcado de datos para la tabla `int_proceso_vars_data`
--

INSERT INTO `int_proceso_vars_data` (`id`, `int_proceso_vars_id`, `valor`, `tiempo`, `fecha`, `hora`) VALUES
(1, 10, 790, 0, '2025-11-26', '19:06:24'),
(2, 11, 949, 0, '2025-11-26', '19:06:24'),
(3, 12, 628, 0, '2025-11-26', '19:06:24'),
(4, 13, 590, 0, '2025-11-26', '19:06:24'),
(5, 14, 395, 0, '2025-11-26', '19:06:24'),
(6, 15, 474, 0, '2025-11-26', '19:06:24'),
(7, 16, 314, 0, '2025-11-26', '19:06:24'),
(8, 17, 295, 0, '2025-11-26', '19:06:24'),
(9, 18, 0, 0, '2025-11-26', '19:06:24'),
(10, 19, 0, 0, '2025-11-26', '19:06:24'),
(11, 20, 0, 0, '2025-11-26', '19:06:24'),
(12, 21, 0, 0, '2025-11-26', '19:06:24'),
(13, 10, 789, 0, '2025-11-26', '19:06:24'),
(14, 11, 950, 0, '2025-11-26', '19:06:24'),
(15, 12, 629, 0, '2025-11-26', '19:06:24'),
(16, 13, 590, 0, '2025-11-26', '19:06:24'),
(17, 14, 394, 0, '2025-11-26', '19:06:24'),
(18, 15, 475, 0, '2025-11-26', '19:06:24'),
(19, 16, 314, 0, '2025-11-26', '19:06:24'),
(20, 17, 295, 0, '2025-11-26', '19:06:24'),
(21, 18, 0, 0, '2025-11-26', '19:06:24'),
(22, 19, 0, 0, '2025-11-26', '19:06:24'),
(23, 20, 0, 0, '2025-11-26', '19:06:24'),
(24, 21, 0, 0, '2025-11-26', '19:06:24'),
(25, 10, 790, 0, '2025-11-26', '19:06:24'),
(26, 11, 949, 0, '2025-11-26', '19:06:24'),
(27, 12, 628, 0, '2025-11-26', '19:06:24'),
(28, 13, 590, 0, '2025-11-26', '19:06:24'),
(29, 14, 395, 0, '2025-11-26', '19:06:24'),
(30, 15, 474, 0, '2025-11-26', '19:06:24'),
(31, 16, 314, 0, '2025-11-26', '19:06:24'),
(32, 17, 295, 0, '2025-11-26', '19:06:24'),
(33, 18, 0, 0, '2025-11-26', '19:06:24'),
(34, 19, 0, 0, '2025-11-26', '19:06:24'),
(35, 20, 0, 0, '2025-11-26', '19:06:24'),
(36, 21, 0, 0, '2025-11-26', '19:06:24'),
(37, 10, 790, 0, '2025-11-26', '19:06:24'),
(38, 11, 951, 0, '2025-11-26', '19:06:24'),
(39, 12, 629, 0, '2025-11-26', '19:06:24'),
(40, 13, 590, 0, '2025-11-26', '19:06:24'),
(41, 14, 395, 0, '2025-11-26', '19:06:24'),
(42, 15, 475, 0, '2025-11-26', '19:06:24'),
(43, 16, 314, 0, '2025-11-26', '19:06:24'),
(44, 17, 295, 0, '2025-11-26', '19:06:24'),
(45, 18, 0, 0, '2025-11-26', '19:06:24'),
(46, 19, 0, 0, '2025-11-26', '19:06:24'),
(47, 20, 0, 0, '2025-11-26', '19:06:24'),
(48, 21, 0, 0, '2025-11-26', '19:06:24'),
(49, 10, 791, 0, '2025-11-26', '19:06:24'),
(50, 11, 950, 0, '2025-11-26', '19:06:24'),
(51, 12, 629, 0, '2025-11-26', '19:06:24'),
(52, 13, 590, 0, '2025-11-26', '19:06:24'),
(53, 14, 395, 0, '2025-11-26', '19:06:24'),
(54, 15, 475, 0, '2025-11-26', '19:06:24'),
(55, 16, 314, 0, '2025-11-26', '19:06:24'),
(56, 17, 295, 0, '2025-11-26', '19:06:24'),
(57, 18, 0, 0, '2025-11-26', '19:06:24'),
(58, 19, 0, 0, '2025-11-26', '19:06:24'),
(59, 20, 0, 0, '2025-11-26', '19:06:24'),
(60, 21, 0, 0, '2025-11-26', '19:06:24'),
(61, 10, 790, 0, '2025-11-26', '19:06:24'),
(62, 11, 950, 0, '2025-11-26', '19:06:24'),
(63, 12, 628, 0, '2025-11-26', '19:06:24'),
(64, 13, 590, 0, '2025-11-26', '19:06:24'),
(65, 14, 395, 0, '2025-11-26', '19:06:24'),
(66, 15, 475, 0, '2025-11-26', '19:06:24'),
(67, 16, 314, 0, '2025-11-26', '19:06:24'),
(68, 17, 295, 0, '2025-11-26', '19:06:24'),
(69, 18, 0, 0, '2025-11-26', '19:06:24'),
(70, 19, 0, 0, '2025-11-26', '19:06:24'),
(71, 20, 0, 0, '2025-11-26', '19:06:24'),
(72, 21, 0, 0, '2025-11-26', '19:06:24'),
(73, 10, 790, 0, '2025-11-26', '19:06:24'),
(74, 11, 949, 0, '2025-11-26', '19:06:24'),
(75, 12, 628, 0, '2025-11-26', '19:06:24'),
(76, 13, 590, 0, '2025-11-26', '19:06:24'),
(77, 14, 395, 0, '2025-11-26', '19:06:24'),
(78, 15, 474, 0, '2025-11-26', '19:06:24'),
(79, 16, 314, 0, '2025-11-26', '19:06:24'),
(80, 17, 295, 0, '2025-11-26', '19:06:24'),
(81, 18, 0, 0, '2025-11-26', '19:06:24'),
(82, 19, 0, 0, '2025-11-26', '19:06:24'),
(83, 20, 0, 0, '2025-11-26', '19:06:24'),
(84, 21, 0, 0, '2025-11-26', '19:06:24'),
(85, 10, 790, 1, '2025-11-26', '19:06:24'),
(86, 11, 950, 1, '2025-11-26', '19:06:24'),
(87, 12, 628, 1, '2025-11-26', '19:06:24'),
(88, 13, 590, 1, '2025-11-26', '19:06:24'),
(89, 14, 395, 1, '2025-11-26', '19:06:24'),
(90, 15, 475, 1, '2025-11-26', '19:06:24'),
(91, 16, 314, 1, '2025-11-26', '19:06:24'),
(92, 17, 295, 1, '2025-11-26', '19:06:24'),
(93, 18, 0, 1, '2025-11-26', '19:06:24'),
(94, 19, 0, 1, '2025-11-26', '19:06:24'),
(95, 20, 0, 1, '2025-11-26', '19:06:24'),
(96, 21, 0, 1, '2025-11-26', '19:06:24'),
(97, 10, 790, 1, '2025-11-26', '19:06:24'),
(98, 11, 950, 1, '2025-11-26', '19:06:24'),
(99, 12, 628, 1, '2025-11-26', '19:06:24'),
(100, 13, 590, 1, '2025-11-26', '19:06:24'),
(101, 14, 395, 1, '2025-11-26', '19:06:24'),
(102, 15, 475, 1, '2025-11-26', '19:06:24'),
(103, 16, 314, 1, '2025-11-26', '19:06:24'),
(104, 17, 295, 1, '2025-11-26', '19:06:24'),
(105, 18, 0, 1, '2025-11-26', '19:06:24'),
(106, 19, 0, 1, '2025-11-26', '19:06:24'),
(107, 20, 0, 1, '2025-11-26', '19:06:24'),
(108, 21, 0, 1, '2025-11-26', '19:06:24'),
(109, 10, 790, 1, '2025-11-26', '19:06:24'),
(110, 11, 951, 1, '2025-11-26', '19:06:24'),
(111, 12, 629, 1, '2025-11-26', '19:06:24'),
(112, 13, 590, 1, '2025-11-26', '19:06:24'),
(113, 14, 395, 1, '2025-11-26', '19:06:24'),
(114, 15, 475, 1, '2025-11-26', '19:06:24'),
(115, 16, 314, 1, '2025-11-26', '19:06:24'),
(116, 17, 295, 1, '2025-11-26', '19:06:24'),
(117, 18, 0, 1, '2025-11-26', '19:06:24'),
(118, 19, 0, 1, '2025-11-26', '19:06:24'),
(119, 20, 0, 1, '2025-11-26', '19:06:24'),
(120, 21, 0, 1, '2025-11-26', '19:06:24'),
(121, 10, 790, 1, '2025-11-26', '19:06:24'),
(122, 11, 950, 1, '2025-11-26', '19:06:24'),
(123, 12, 628, 1, '2025-11-26', '19:06:24'),
(124, 13, 590, 1, '2025-11-26', '19:06:24'),
(125, 14, 395, 1, '2025-11-26', '19:06:24'),
(126, 15, 475, 1, '2025-11-26', '19:06:24'),
(127, 16, 314, 1, '2025-11-26', '19:06:24'),
(128, 17, 295, 1, '2025-11-26', '19:06:24'),
(129, 18, 0, 1, '2025-11-26', '19:06:24'),
(130, 19, 0, 1, '2025-11-26', '19:06:24'),
(131, 20, 0, 1, '2025-11-26', '19:06:24'),
(132, 21, 0, 1, '2025-11-26', '19:06:24'),
(133, 10, 790, 1, '2025-11-26', '19:06:24'),
(134, 11, 950, 1, '2025-11-26', '19:06:24'),
(135, 12, 628, 1, '2025-11-26', '19:06:24'),
(136, 13, 590, 1, '2025-11-26', '19:06:24'),
(137, 14, 395, 1, '2025-11-26', '19:06:24'),
(138, 15, 475, 1, '2025-11-26', '19:06:24'),
(139, 16, 314, 1, '2025-11-26', '19:06:24'),
(140, 17, 295, 1, '2025-11-26', '19:06:24'),
(141, 18, 0, 1, '2025-11-26', '19:06:24'),
(142, 19, 0, 1, '2025-11-26', '19:06:24'),
(143, 20, 0, 1, '2025-11-26', '19:06:24'),
(144, 21, 0, 1, '2025-11-26', '19:06:24'),
(145, 10, 790, 1, '2025-11-26', '19:06:24'),
(146, 11, 949, 1, '2025-11-26', '19:06:24'),
(147, 12, 629, 1, '2025-11-26', '19:06:24'),
(148, 13, 590, 1, '2025-11-26', '19:06:24'),
(149, 14, 395, 1, '2025-11-26', '19:06:24'),
(150, 15, 474, 1, '2025-11-26', '19:06:24'),
(151, 16, 314, 1, '2025-11-26', '19:06:24'),
(152, 17, 295, 1, '2025-11-26', '19:06:24'),
(153, 18, 0, 1, '2025-11-26', '19:06:24'),
(154, 19, 0, 1, '2025-11-26', '19:06:24'),
(155, 20, 0, 1, '2025-11-26', '19:06:24'),
(156, 21, 0, 1, '2025-11-26', '19:06:24'),
(157, 10, 790, 1, '2025-11-26', '19:06:24'),
(158, 11, 950, 1, '2025-11-26', '19:06:24'),
(159, 12, 629, 1, '2025-11-26', '19:06:24'),
(160, 13, 590, 1, '2025-11-26', '19:06:24'),
(161, 14, 395, 1, '2025-11-26', '19:06:24'),
(162, 15, 475, 1, '2025-11-26', '19:06:24'),
(163, 16, 314, 1, '2025-11-26', '19:06:24'),
(164, 17, 295, 1, '2025-11-26', '19:06:24'),
(165, 18, 0, 1, '2025-11-26', '19:06:24'),
(166, 19, 0, 1, '2025-11-26', '19:06:24'),
(167, 20, 0, 1, '2025-11-26', '19:06:24'),
(168, 21, 0, 1, '2025-11-26', '19:06:24'),
(169, 10, 790, 1, '2025-11-26', '19:06:24'),
(170, 11, 949, 1, '2025-11-26', '19:06:24'),
(171, 12, 629, 1, '2025-11-26', '19:06:24'),
(172, 13, 590, 1, '2025-11-26', '19:06:24'),
(173, 14, 395, 1, '2025-11-26', '19:06:24'),
(174, 15, 474, 1, '2025-11-26', '19:06:24'),
(175, 16, 314, 1, '2025-11-26', '19:06:24'),
(176, 17, 295, 1, '2025-11-26', '19:06:24'),
(177, 18, 0, 1, '2025-11-26', '19:06:24'),
(178, 19, 0, 1, '2025-11-26', '19:06:24'),
(179, 20, 0, 1, '2025-11-26', '19:06:24'),
(180, 21, 0, 1, '2025-11-26', '19:06:24'),
(181, 10, 790, 1, '2025-11-26', '19:06:24'),
(182, 11, 950, 1, '2025-11-26', '19:06:24'),
(183, 12, 629, 1, '2025-11-26', '19:06:24'),
(184, 13, 590, 1, '2025-11-26', '19:06:24'),
(185, 14, 395, 1, '2025-11-26', '19:06:24'),
(186, 15, 475, 1, '2025-11-26', '19:06:24'),
(187, 16, 314, 1, '2025-11-26', '19:06:24'),
(188, 17, 295, 1, '2025-11-26', '19:06:24'),
(189, 18, 0, 1, '2025-11-26', '19:06:24'),
(190, 19, 0, 1, '2025-11-26', '19:06:24'),
(191, 20, 0, 1, '2025-11-26', '19:06:24'),
(192, 21, 0, 1, '2025-11-26', '19:06:24'),
(193, 10, 790, 1, '2025-11-26', '19:06:24'),
(194, 11, 950, 1, '2025-11-26', '19:06:24'),
(195, 12, 630, 1, '2025-11-26', '19:06:24'),
(196, 13, 590, 1, '2025-11-26', '19:06:24'),
(197, 14, 395, 1, '2025-11-26', '19:06:24'),
(198, 15, 475, 1, '2025-11-26', '19:06:24'),
(199, 16, 315, 1, '2025-11-26', '19:06:24'),
(200, 17, 295, 1, '2025-11-26', '19:06:24'),
(201, 18, 0, 1, '2025-11-26', '19:06:24'),
(202, 19, 0, 1, '2025-11-26', '19:06:24'),
(203, 20, 0, 1, '2025-11-26', '19:06:24'),
(204, 21, 0, 1, '2025-11-26', '19:06:24'),
(205, 10, 790, 1, '2025-11-26', '19:06:25'),
(206, 11, 950, 1, '2025-11-26', '19:06:25'),
(207, 12, 629, 1, '2025-11-26', '19:06:25'),
(208, 13, 590, 1, '2025-11-26', '19:06:25'),
(209, 14, 395, 1, '2025-11-26', '19:06:25'),
(210, 15, 475, 1, '2025-11-26', '19:06:25'),
(211, 16, 314, 1, '2025-11-26', '19:06:25'),
(212, 17, 295, 1, '2025-11-26', '19:06:25'),
(213, 18, 0, 1, '2025-11-26', '19:06:25'),
(214, 19, 0, 1, '2025-11-26', '19:06:25'),
(215, 20, 0, 1, '2025-11-26', '19:06:25'),
(216, 21, 0, 1, '2025-11-26', '19:06:25'),
(217, 10, 791, 1, '2025-11-26', '19:06:25'),
(218, 11, 951, 1, '2025-11-26', '19:06:25'),
(219, 12, 630, 1, '2025-11-26', '19:06:25'),
(220, 13, 590, 1, '2025-11-26', '19:06:25'),
(221, 14, 395, 1, '2025-11-26', '19:06:25'),
(222, 15, 475, 1, '2025-11-26', '19:06:25'),
(223, 16, 315, 1, '2025-11-26', '19:06:25'),
(224, 17, 295, 1, '2025-11-26', '19:06:25'),
(225, 18, 0, 1, '2025-11-26', '19:06:25'),
(226, 19, 0, 1, '2025-11-26', '19:06:25'),
(227, 20, 0, 1, '2025-11-26', '19:06:25'),
(228, 21, 0, 1, '2025-11-26', '19:06:25'),
(229, 10, 790, 1, '2025-11-26', '19:06:25'),
(230, 11, 949, 1, '2025-11-26', '19:06:25'),
(231, 12, 629, 1, '2025-11-26', '19:06:25'),
(232, 13, 590, 1, '2025-11-26', '19:06:25'),
(233, 14, 395, 1, '2025-11-26', '19:06:25'),
(234, 15, 474, 1, '2025-11-26', '19:06:25'),
(235, 16, 314, 1, '2025-11-26', '19:06:25'),
(236, 17, 295, 1, '2025-11-26', '19:06:25'),
(237, 18, 0, 1, '2025-11-26', '19:06:25'),
(238, 19, 0, 1, '2025-11-26', '19:06:25'),
(239, 20, 0, 1, '2025-11-26', '19:06:25'),
(240, 21, 0, 1, '2025-11-26', '19:06:25'),
(241, 10, 789, 1, '2025-11-26', '19:06:25'),
(242, 11, 950, 1, '2025-11-26', '19:06:25'),
(243, 12, 630, 1, '2025-11-26', '19:06:25'),
(244, 13, 590, 1, '2025-11-26', '19:06:25'),
(245, 14, 394, 1, '2025-11-26', '19:06:25'),
(246, 15, 475, 1, '2025-11-26', '19:06:25'),
(247, 16, 315, 1, '2025-11-26', '19:06:25'),
(248, 17, 295, 1, '2025-11-26', '19:06:25'),
(249, 18, 0, 1, '2025-11-26', '19:06:25'),
(250, 19, 0, 1, '2025-11-26', '19:06:25'),
(251, 20, 0, 1, '2025-11-26', '19:06:25'),
(252, 21, 0, 1, '2025-11-26', '19:06:25'),
(253, 10, 790, 1, '2025-11-26', '19:06:25'),
(254, 11, 950, 1, '2025-11-26', '19:06:25'),
(255, 12, 630, 1, '2025-11-26', '19:06:25'),
(256, 13, 590, 1, '2025-11-26', '19:06:25'),
(257, 14, 395, 1, '2025-11-26', '19:06:25'),
(258, 15, 475, 1, '2025-11-26', '19:06:25'),
(259, 16, 315, 1, '2025-11-26', '19:06:25'),
(260, 17, 295, 1, '2025-11-26', '19:06:25'),
(261, 18, 0, 1, '2025-11-26', '19:06:25'),
(262, 19, 0, 1, '2025-11-26', '19:06:25'),
(263, 20, 0, 1, '2025-11-26', '19:06:25'),
(264, 21, 0, 1, '2025-11-26', '19:06:25'),
(265, 10, 790, 1, '2025-11-26', '19:06:25'),
(266, 11, 950, 1, '2025-11-26', '19:06:25'),
(267, 12, 630, 1, '2025-11-26', '19:06:25'),
(268, 13, 590, 1, '2025-11-26', '19:06:25'),
(269, 14, 395, 1, '2025-11-26', '19:06:25'),
(270, 15, 475, 1, '2025-11-26', '19:06:25'),
(271, 16, 315, 1, '2025-11-26', '19:06:25'),
(272, 17, 295, 1, '2025-11-26', '19:06:25'),
(273, 18, 0, 1, '2025-11-26', '19:06:25'),
(274, 19, 0, 1, '2025-11-26', '19:06:25'),
(275, 20, 0, 1, '2025-11-26', '19:06:25'),
(276, 21, 0, 1, '2025-11-26', '19:06:25'),
(277, 10, 790, 1, '2025-11-26', '19:06:25'),
(278, 11, 950, 1, '2025-11-26', '19:06:25'),
(279, 12, 630, 1, '2025-11-26', '19:06:25'),
(280, 13, 590, 1, '2025-11-26', '19:06:25'),
(281, 14, 395, 1, '2025-11-26', '19:06:25'),
(282, 15, 475, 1, '2025-11-26', '19:06:25'),
(283, 16, 315, 1, '2025-11-26', '19:06:25'),
(284, 17, 295, 1, '2025-11-26', '19:06:25'),
(285, 18, 0, 1, '2025-11-26', '19:06:25'),
(286, 19, 0, 1, '2025-11-26', '19:06:25'),
(287, 20, 0, 1, '2025-11-26', '19:06:25'),
(288, 21, 0, 1, '2025-11-26', '19:06:25'),
(289, 10, 790, 1, '2025-11-26', '19:06:25'),
(290, 11, 950, 1, '2025-11-26', '19:06:25'),
(291, 12, 630, 1, '2025-11-26', '19:06:25'),
(292, 13, 590, 1, '2025-11-26', '19:06:25'),
(293, 14, 395, 1, '2025-11-26', '19:06:25'),
(294, 15, 475, 1, '2025-11-26', '19:06:25'),
(295, 16, 315, 1, '2025-11-26', '19:06:25'),
(296, 17, 295, 1, '2025-11-26', '19:06:25'),
(297, 18, 0, 1, '2025-11-26', '19:06:25'),
(298, 19, 0, 1, '2025-11-26', '19:06:25'),
(299, 20, 0, 1, '2025-11-26', '19:06:25'),
(300, 21, 0, 1, '2025-11-26', '19:06:25'),
(301, 10, 790, 1, '2025-11-26', '19:06:25'),
(302, 11, 950, 1, '2025-11-26', '19:06:25'),
(303, 12, 630, 1, '2025-11-26', '19:06:25'),
(304, 13, 590, 1, '2025-11-26', '19:06:25'),
(305, 14, 395, 1, '2025-11-26', '19:06:25'),
(306, 15, 475, 1, '2025-11-26', '19:06:25'),
(307, 16, 315, 1, '2025-11-26', '19:06:25'),
(308, 17, 295, 1, '2025-11-26', '19:06:25'),
(309, 18, 0, 1, '2025-11-26', '19:06:25'),
(310, 19, 0, 1, '2025-11-26', '19:06:25'),
(311, 20, 0, 1, '2025-11-26', '19:06:25'),
(312, 21, 0, 1, '2025-11-26', '19:06:25'),
(313, 10, 791, 1, '2025-11-26', '19:06:25'),
(314, 11, 950, 1, '2025-11-26', '19:06:25'),
(315, 12, 630, 1, '2025-11-26', '19:06:25'),
(316, 13, 590, 1, '2025-11-26', '19:06:25'),
(317, 14, 395, 1, '2025-11-26', '19:06:25'),
(318, 15, 475, 1, '2025-11-26', '19:06:25'),
(319, 16, 315, 1, '2025-11-26', '19:06:25'),
(320, 17, 295, 1, '2025-11-26', '19:06:25'),
(321, 18, 0, 1, '2025-11-26', '19:06:25'),
(322, 19, 0, 1, '2025-11-26', '19:06:25'),
(323, 20, 0, 1, '2025-11-26', '19:06:25'),
(324, 21, 0, 1, '2025-11-26', '19:06:25'),
(325, 10, 789, 2, '2025-11-26', '19:06:25'),
(326, 11, 950, 2, '2025-11-26', '19:06:25'),
(327, 12, 630, 2, '2025-11-26', '19:06:25'),
(328, 13, 590, 2, '2025-11-26', '19:06:25'),
(329, 14, 394, 2, '2025-11-26', '19:06:25'),
(330, 15, 475, 2, '2025-11-26', '19:06:25'),
(331, 16, 315, 2, '2025-11-26', '19:06:25'),
(332, 17, 295, 2, '2025-11-26', '19:06:25'),
(333, 18, 0, 2, '2025-11-26', '19:06:25'),
(334, 19, 0, 2, '2025-11-26', '19:06:25'),
(335, 20, 0, 2, '2025-11-26', '19:06:25'),
(336, 21, 0, 2, '2025-11-26', '19:06:25'),
(337, 10, 790, 2, '2025-11-26', '19:06:25'),
(338, 11, 951, 2, '2025-11-26', '19:06:25'),
(339, 12, 630, 2, '2025-11-26', '19:06:25'),
(340, 13, 590, 2, '2025-11-26', '19:06:25'),
(341, 14, 395, 2, '2025-11-26', '19:06:25'),
(342, 15, 475, 2, '2025-11-26', '19:06:25'),
(343, 16, 315, 2, '2025-11-26', '19:06:25'),
(344, 17, 295, 2, '2025-11-26', '19:06:25'),
(345, 18, 0, 2, '2025-11-26', '19:06:25'),
(346, 19, 0, 2, '2025-11-26', '19:06:25'),
(347, 20, 0, 2, '2025-11-26', '19:06:25'),
(348, 21, 0, 2, '2025-11-26', '19:06:25'),
(349, 10, 790, 2, '2025-11-26', '19:06:25'),
(350, 11, 950, 2, '2025-11-26', '19:06:25'),
(351, 12, 630, 2, '2025-11-26', '19:06:25'),
(352, 13, 590, 2, '2025-11-26', '19:06:25'),
(353, 14, 395, 2, '2025-11-26', '19:06:25'),
(354, 15, 475, 2, '2025-11-26', '19:06:25'),
(355, 16, 315, 2, '2025-11-26', '19:06:25'),
(356, 17, 295, 2, '2025-11-26', '19:06:25'),
(357, 18, 0, 2, '2025-11-26', '19:06:25'),
(358, 19, 0, 2, '2025-11-26', '19:06:25'),
(359, 20, 0, 2, '2025-11-26', '19:06:25'),
(360, 21, 0, 2, '2025-11-26', '19:06:25'),
(361, 10, 790, 2, '2025-11-26', '19:06:25'),
(362, 11, 950, 2, '2025-11-26', '19:06:25'),
(363, 12, 630, 2, '2025-11-26', '19:06:25'),
(364, 13, 590, 2, '2025-11-26', '19:06:25'),
(365, 14, 395, 2, '2025-11-26', '19:06:25'),
(366, 15, 475, 2, '2025-11-26', '19:06:25'),
(367, 16, 315, 2, '2025-11-26', '19:06:25'),
(368, 17, 295, 2, '2025-11-26', '19:06:25'),
(369, 18, 0, 2, '2025-11-26', '19:06:25'),
(370, 19, 0, 2, '2025-11-26', '19:06:25'),
(371, 20, 0, 2, '2025-11-26', '19:06:25'),
(372, 21, 0, 2, '2025-11-26', '19:06:25'),
(373, 10, 790, 2, '2025-11-26', '19:06:25'),
(374, 11, 951, 2, '2025-11-26', '19:06:25'),
(375, 12, 630, 2, '2025-11-26', '19:06:25'),
(376, 13, 590, 2, '2025-11-26', '19:06:25'),
(377, 14, 395, 2, '2025-11-26', '19:06:25'),
(378, 15, 475, 2, '2025-11-26', '19:06:25'),
(379, 16, 315, 2, '2025-11-26', '19:06:25'),
(380, 17, 295, 2, '2025-11-26', '19:06:25'),
(381, 18, 0, 2, '2025-11-26', '19:06:25'),
(382, 19, 0, 2, '2025-11-26', '19:06:25'),
(383, 20, 0, 2, '2025-11-26', '19:06:25'),
(384, 21, 0, 2, '2025-11-26', '19:06:25'),
(385, 10, 790, 2, '2025-11-26', '19:06:25'),
(386, 11, 950, 2, '2025-11-26', '19:06:25'),
(387, 12, 629, 2, '2025-11-26', '19:06:25'),
(388, 13, 590, 2, '2025-11-26', '19:06:25'),
(389, 14, 395, 2, '2025-11-26', '19:06:25'),
(390, 15, 475, 2, '2025-11-26', '19:06:25'),
(391, 16, 314, 2, '2025-11-26', '19:06:25'),
(392, 17, 295, 2, '2025-11-26', '19:06:25'),
(393, 18, 0, 2, '2025-11-26', '19:06:25'),
(394, 19, 0, 2, '2025-11-26', '19:06:25'),
(395, 20, 0, 2, '2025-11-26', '19:06:25'),
(396, 21, 0, 2, '2025-11-26', '19:06:25'),
(397, 10, 790, 2, '2025-11-26', '19:06:25'),
(398, 11, 950, 2, '2025-11-26', '19:06:25'),
(399, 12, 629, 2, '2025-11-26', '19:06:25'),
(400, 13, 590, 2, '2025-11-26', '19:06:25'),
(401, 14, 395, 2, '2025-11-26', '19:06:25'),
(402, 15, 475, 2, '2025-11-26', '19:06:25'),
(403, 16, 314, 2, '2025-11-26', '19:06:25'),
(404, 17, 295, 2, '2025-11-26', '19:06:25'),
(405, 18, 0, 2, '2025-11-26', '19:06:25'),
(406, 19, 0, 2, '2025-11-26', '19:06:25'),
(407, 20, 0, 2, '2025-11-26', '19:06:25'),
(408, 21, 0, 2, '2025-11-26', '19:06:25'),
(409, 10, 790, 2, '2025-11-26', '19:06:25'),
(410, 11, 950, 2, '2025-11-26', '19:06:25'),
(411, 12, 629, 2, '2025-11-26', '19:06:25'),
(412, 13, 590, 2, '2025-11-26', '19:06:25'),
(413, 14, 395, 2, '2025-11-26', '19:06:25'),
(414, 15, 475, 2, '2025-11-26', '19:06:25'),
(415, 16, 314, 2, '2025-11-26', '19:06:25'),
(416, 17, 295, 2, '2025-11-26', '19:06:25'),
(417, 18, 0, 2, '2025-11-26', '19:06:25'),
(418, 19, 0, 2, '2025-11-26', '19:06:25'),
(419, 20, 0, 2, '2025-11-26', '19:06:25'),
(420, 21, 0, 2, '2025-11-26', '19:06:25'),
(421, 10, 789, 2, '2025-11-26', '19:06:25'),
(422, 11, 950, 2, '2025-11-26', '19:06:25'),
(423, 12, 629, 2, '2025-11-26', '19:06:25'),
(424, 13, 590, 2, '2025-11-26', '19:06:25'),
(425, 14, 394, 2, '2025-11-26', '19:06:25'),
(426, 15, 475, 2, '2025-11-26', '19:06:25'),
(427, 16, 314, 2, '2025-11-26', '19:06:25'),
(428, 17, 295, 2, '2025-11-26', '19:06:25'),
(429, 18, 0, 2, '2025-11-26', '19:06:25'),
(430, 19, 0, 2, '2025-11-26', '19:06:25'),
(431, 20, 0, 2, '2025-11-26', '19:06:25'),
(432, 21, 0, 2, '2025-11-26', '19:06:25'),
(433, 10, 790, 2, '2025-11-26', '19:06:25'),
(434, 11, 950, 2, '2025-11-26', '19:06:25'),
(435, 12, 629, 2, '2025-11-26', '19:06:25'),
(436, 13, 590, 2, '2025-11-26', '19:06:25'),
(437, 14, 395, 2, '2025-11-26', '19:06:25'),
(438, 15, 475, 2, '2025-11-26', '19:06:25'),
(439, 16, 314, 2, '2025-11-26', '19:06:25'),
(440, 17, 295, 2, '2025-11-26', '19:06:25'),
(441, 18, 0, 2, '2025-11-26', '19:06:25'),
(442, 19, 0, 2, '2025-11-26', '19:06:25'),
(443, 20, 0, 2, '2025-11-26', '19:06:25'),
(444, 21, 0, 2, '2025-11-26', '19:06:25'),
(445, 10, 790, 2, '2025-11-26', '19:06:26'),
(446, 11, 950, 2, '2025-11-26', '19:06:26'),
(447, 12, 629, 2, '2025-11-26', '19:06:26'),
(448, 13, 590, 2, '2025-11-26', '19:06:26'),
(449, 14, 395, 2, '2025-11-26', '19:06:26'),
(450, 15, 475, 2, '2025-11-26', '19:06:26'),
(451, 16, 314, 2, '2025-11-26', '19:06:26'),
(452, 17, 295, 2, '2025-11-26', '19:06:26'),
(453, 18, 0, 2, '2025-11-26', '19:06:26'),
(454, 19, 0, 2, '2025-11-26', '19:06:26'),
(455, 20, 0, 2, '2025-11-26', '19:06:26'),
(456, 21, 0, 2, '2025-11-26', '19:06:26'),
(457, 10, 790, 2, '2025-11-26', '19:06:26'),
(458, 11, 949, 2, '2025-11-26', '19:06:26'),
(459, 12, 628, 2, '2025-11-26', '19:06:26'),
(460, 13, 590, 2, '2025-11-26', '19:06:26'),
(461, 14, 395, 2, '2025-11-26', '19:06:26'),
(462, 15, 474, 2, '2025-11-26', '19:06:26'),
(463, 16, 314, 2, '2025-11-26', '19:06:26'),
(464, 17, 295, 2, '2025-11-26', '19:06:26'),
(465, 18, 0, 2, '2025-11-26', '19:06:26'),
(466, 19, 0, 2, '2025-11-26', '19:06:26'),
(467, 20, 0, 2, '2025-11-26', '19:06:26'),
(468, 21, 0, 2, '2025-11-26', '19:06:26'),
(469, 10, 790, 2, '2025-11-26', '19:06:26'),
(470, 11, 950, 2, '2025-11-26', '19:06:26'),
(471, 12, 629, 2, '2025-11-26', '19:06:26'),
(472, 13, 590, 2, '2025-11-26', '19:06:26'),
(473, 14, 395, 2, '2025-11-26', '19:06:26'),
(474, 15, 475, 2, '2025-11-26', '19:06:26'),
(475, 16, 314, 2, '2025-11-26', '19:06:26'),
(476, 17, 295, 2, '2025-11-26', '19:06:26'),
(477, 18, 0, 2, '2025-11-26', '19:06:26'),
(478, 19, 0, 2, '2025-11-26', '19:06:26'),
(479, 20, 0, 2, '2025-11-26', '19:06:26'),
(480, 21, 0, 2, '2025-11-26', '19:06:26'),
(481, 10, 790, 2, '2025-11-26', '19:06:26'),
(482, 11, 950, 2, '2025-11-26', '19:06:26'),
(483, 12, 629, 2, '2025-11-26', '19:06:26'),
(484, 13, 590, 2, '2025-11-26', '19:06:26'),
(485, 14, 395, 2, '2025-11-26', '19:06:26'),
(486, 15, 475, 2, '2025-11-26', '19:06:26'),
(487, 16, 314, 2, '2025-11-26', '19:06:26'),
(488, 17, 295, 2, '2025-11-26', '19:06:26'),
(489, 18, 0, 2, '2025-11-26', '19:06:26'),
(490, 19, 0, 2, '2025-11-26', '19:06:26'),
(491, 20, 0, 2, '2025-11-26', '19:06:26'),
(492, 21, 0, 2, '2025-11-26', '19:06:26'),
(493, 10, 790, 2, '2025-11-26', '19:06:26'),
(494, 11, 951, 2, '2025-11-26', '19:06:26'),
(495, 12, 630, 2, '2025-11-26', '19:06:26'),
(496, 13, 590, 2, '2025-11-26', '19:06:26'),
(497, 14, 395, 2, '2025-11-26', '19:06:26'),
(498, 15, 475, 2, '2025-11-26', '19:06:26'),
(499, 16, 315, 2, '2025-11-26', '19:06:26'),
(500, 17, 295, 2, '2025-11-26', '19:06:26'),
(501, 18, 0, 2, '2025-11-26', '19:06:26'),
(502, 19, 0, 2, '2025-11-26', '19:06:26'),
(503, 20, 0, 2, '2025-11-26', '19:06:26'),
(504, 21, 0, 2, '2025-11-26', '19:06:26'),
(505, 10, 791, 2, '2025-11-26', '19:06:26'),
(506, 11, 951, 2, '2025-11-26', '19:06:26'),
(507, 12, 631, 2, '2025-11-26', '19:06:26'),
(508, 13, 590, 2, '2025-11-26', '19:06:26'),
(509, 14, 395, 2, '2025-11-26', '19:06:26'),
(510, 15, 475, 2, '2025-11-26', '19:06:26'),
(511, 16, 315, 2, '2025-11-26', '19:06:26'),
(512, 17, 295, 2, '2025-11-26', '19:06:26'),
(513, 18, 0, 2, '2025-11-26', '19:06:26'),
(514, 19, 0, 2, '2025-11-26', '19:06:26'),
(515, 20, 0, 2, '2025-11-26', '19:06:26'),
(516, 21, 0, 2, '2025-11-26', '19:06:26'),
(517, 10, 790, 2, '2025-11-26', '19:06:26'),
(518, 11, 950, 2, '2025-11-26', '19:06:26'),
(519, 12, 630, 2, '2025-11-26', '19:06:26'),
(520, 13, 590, 2, '2025-11-26', '19:06:26'),
(521, 14, 395, 2, '2025-11-26', '19:06:26'),
(522, 15, 475, 2, '2025-11-26', '19:06:26'),
(523, 16, 315, 2, '2025-11-26', '19:06:26'),
(524, 17, 295, 2, '2025-11-26', '19:06:26'),
(525, 18, 0, 2, '2025-11-26', '19:06:26'),
(526, 19, 0, 2, '2025-11-26', '19:06:26'),
(527, 20, 0, 2, '2025-11-26', '19:06:26'),
(528, 21, 0, 2, '2025-11-26', '19:06:26'),
(529, 10, 790, 2, '2025-11-26', '19:06:26'),
(530, 11, 950, 2, '2025-11-26', '19:06:26'),
(531, 12, 630, 2, '2025-11-26', '19:06:26'),
(532, 13, 590, 2, '2025-11-26', '19:06:26'),
(533, 14, 395, 2, '2025-11-26', '19:06:26'),
(534, 15, 475, 2, '2025-11-26', '19:06:26'),
(535, 16, 315, 2, '2025-11-26', '19:06:26'),
(536, 17, 295, 2, '2025-11-26', '19:06:26'),
(537, 18, 0, 2, '2025-11-26', '19:06:26'),
(538, 19, 0, 2, '2025-11-26', '19:06:26'),
(539, 20, 0, 2, '2025-11-26', '19:06:26'),
(540, 21, 0, 2, '2025-11-26', '19:06:26'),
(541, 10, 790, 2, '2025-11-26', '19:06:26'),
(542, 11, 950, 2, '2025-11-26', '19:06:26'),
(543, 12, 630, 2, '2025-11-26', '19:06:26'),
(544, 13, 590, 2, '2025-11-26', '19:06:26'),
(545, 14, 395, 2, '2025-11-26', '19:06:26'),
(546, 15, 475, 2, '2025-11-26', '19:06:26'),
(547, 16, 315, 2, '2025-11-26', '19:06:26'),
(548, 17, 295, 2, '2025-11-26', '19:06:26'),
(549, 18, 0, 2, '2025-11-26', '19:06:26'),
(550, 19, 0, 2, '2025-11-26', '19:06:26'),
(551, 20, 0, 2, '2025-11-26', '19:06:26'),
(552, 21, 0, 2, '2025-11-26', '19:06:26'),
(553, 10, 790, 2, '2025-11-26', '19:06:26'),
(554, 11, 949, 2, '2025-11-26', '19:06:26'),
(555, 12, 630, 2, '2025-11-26', '19:06:26'),
(556, 13, 590, 2, '2025-11-26', '19:06:26'),
(557, 14, 395, 2, '2025-11-26', '19:06:26'),
(558, 15, 474, 2, '2025-11-26', '19:06:26'),
(559, 16, 315, 2, '2025-11-26', '19:06:26'),
(560, 17, 295, 2, '2025-11-26', '19:06:26'),
(561, 18, 0, 2, '2025-11-26', '19:06:26'),
(562, 19, 0, 2, '2025-11-26', '19:06:26'),
(563, 20, 0, 2, '2025-11-26', '19:06:26'),
(564, 21, 0, 2, '2025-11-26', '19:06:26'),
(565, 10, 790, 3, '2025-11-26', '19:06:26'),
(566, 11, 950, 3, '2025-11-26', '19:06:26'),
(567, 12, 630, 3, '2025-11-26', '19:06:26'),
(568, 13, 590, 3, '2025-11-26', '19:06:26'),
(569, 14, 395, 3, '2025-11-26', '19:06:26'),
(570, 15, 475, 3, '2025-11-26', '19:06:26'),
(571, 16, 315, 3, '2025-11-26', '19:06:26'),
(572, 17, 295, 3, '2025-11-26', '19:06:26'),
(573, 18, 0, 3, '2025-11-26', '19:06:26'),
(574, 19, 0, 3, '2025-11-26', '19:06:26'),
(575, 20, 0, 3, '2025-11-26', '19:06:26'),
(576, 21, 0, 3, '2025-11-26', '19:06:26'),
(577, 10, 790, 3, '2025-11-26', '19:06:26'),
(578, 11, 949, 3, '2025-11-26', '19:06:26'),
(579, 12, 630, 3, '2025-11-26', '19:06:26'),
(580, 13, 590, 3, '2025-11-26', '19:06:26'),
(581, 14, 395, 3, '2025-11-26', '19:06:26'),
(582, 15, 474, 3, '2025-11-26', '19:06:26'),
(583, 16, 315, 3, '2025-11-26', '19:06:26'),
(584, 17, 295, 3, '2025-11-26', '19:06:26'),
(585, 18, 0, 3, '2025-11-26', '19:06:26'),
(586, 19, 0, 3, '2025-11-26', '19:06:26'),
(587, 20, 0, 3, '2025-11-26', '19:06:26'),
(588, 21, 0, 3, '2025-11-26', '19:06:26'),
(589, 10, 790, 3, '2025-11-26', '19:06:26'),
(590, 11, 949, 3, '2025-11-26', '19:06:26'),
(591, 12, 630, 3, '2025-11-26', '19:06:26'),
(592, 13, 590, 3, '2025-11-26', '19:06:26'),
(593, 14, 395, 3, '2025-11-26', '19:06:26'),
(594, 15, 474, 3, '2025-11-26', '19:06:26'),
(595, 16, 315, 3, '2025-11-26', '19:06:26'),
(596, 17, 295, 3, '2025-11-26', '19:06:26'),
(597, 18, 0, 3, '2025-11-26', '19:06:26'),
(598, 19, 0, 3, '2025-11-26', '19:06:26'),
(599, 20, 0, 3, '2025-11-26', '19:06:26'),
(600, 21, 0, 3, '2025-11-26', '19:06:26'),
(601, 10, 791, 3, '2025-11-26', '19:06:26'),
(602, 11, 949, 3, '2025-11-26', '19:06:26'),
(603, 12, 631, 3, '2025-11-26', '19:06:26'),
(604, 13, 590, 3, '2025-11-26', '19:06:26'),
(605, 14, 395, 3, '2025-11-26', '19:06:26'),
(606, 15, 474, 3, '2025-11-26', '19:06:26'),
(607, 16, 315, 3, '2025-11-26', '19:06:26'),
(608, 17, 295, 3, '2025-11-26', '19:06:26'),
(609, 18, 0, 3, '2025-11-26', '19:06:26'),
(610, 19, 0, 3, '2025-11-26', '19:06:26'),
(611, 20, 0, 3, '2025-11-26', '19:06:26'),
(612, 21, 0, 3, '2025-11-26', '19:06:26'),
(613, 10, 790, 3, '2025-11-26', '19:06:26'),
(614, 11, 950, 3, '2025-11-26', '19:06:26'),
(615, 12, 630, 3, '2025-11-26', '19:06:26'),
(616, 13, 590, 3, '2025-11-26', '19:06:26'),
(617, 14, 395, 3, '2025-11-26', '19:06:26'),
(618, 15, 475, 3, '2025-11-26', '19:06:26'),
(619, 16, 315, 3, '2025-11-26', '19:06:26'),
(620, 17, 295, 3, '2025-11-26', '19:06:26'),
(621, 18, 0, 3, '2025-11-26', '19:06:26'),
(622, 19, 0, 3, '2025-11-26', '19:06:26'),
(623, 20, 0, 3, '2025-11-26', '19:06:26'),
(624, 21, 0, 3, '2025-11-26', '19:06:26'),
(625, 10, 790, 3, '2025-11-26', '19:06:26'),
(626, 11, 949, 3, '2025-11-26', '19:06:26'),
(627, 12, 631, 3, '2025-11-26', '19:06:26'),
(628, 13, 590, 3, '2025-11-26', '19:06:26'),
(629, 14, 395, 3, '2025-11-26', '19:06:26'),
(630, 15, 474, 3, '2025-11-26', '19:06:26'),
(631, 16, 315, 3, '2025-11-26', '19:06:26'),
(632, 17, 295, 3, '2025-11-26', '19:06:26'),
(633, 18, 0, 3, '2025-11-26', '19:06:26'),
(634, 19, 0, 3, '2025-11-26', '19:06:26'),
(635, 20, 0, 3, '2025-11-26', '19:06:26'),
(636, 21, 0, 3, '2025-11-26', '19:06:26'),
(637, 10, 791, 3, '2025-11-26', '19:06:26'),
(638, 11, 950, 3, '2025-11-26', '19:06:26'),
(639, 12, 631, 3, '2025-11-26', '19:06:26'),
(640, 13, 590, 3, '2025-11-26', '19:06:26'),
(641, 14, 395, 3, '2025-11-26', '19:06:26'),
(642, 15, 475, 3, '2025-11-26', '19:06:26'),
(643, 16, 315, 3, '2025-11-26', '19:06:26'),
(644, 17, 295, 3, '2025-11-26', '19:06:26'),
(645, 18, 0, 3, '2025-11-26', '19:06:26'),
(646, 19, 0, 3, '2025-11-26', '19:06:26'),
(647, 20, 0, 3, '2025-11-26', '19:06:26'),
(648, 21, 0, 3, '2025-11-26', '19:06:26'),
(649, 10, 790, 3, '2025-11-26', '19:06:26'),
(650, 11, 950, 3, '2025-11-26', '19:06:26'),
(651, 12, 631, 3, '2025-11-26', '19:06:26'),
(652, 13, 590, 3, '2025-11-26', '19:06:26'),
(653, 14, 395, 3, '2025-11-26', '19:06:26'),
(654, 15, 475, 3, '2025-11-26', '19:06:26'),
(655, 16, 315, 3, '2025-11-26', '19:06:26'),
(656, 17, 295, 3, '2025-11-26', '19:06:26'),
(657, 18, 0, 3, '2025-11-26', '19:06:26'),
(658, 19, 0, 3, '2025-11-26', '19:06:26'),
(659, 20, 0, 3, '2025-11-26', '19:06:26'),
(660, 21, 0, 3, '2025-11-26', '19:06:26'),
(661, 10, 790, 3, '2025-11-26', '19:06:26'),
(662, 11, 950, 3, '2025-11-26', '19:06:26'),
(663, 12, 631, 3, '2025-11-26', '19:06:26'),
(664, 13, 590, 3, '2025-11-26', '19:06:26'),
(665, 14, 395, 3, '2025-11-26', '19:06:26'),
(666, 15, 475, 3, '2025-11-26', '19:06:26'),
(667, 16, 315, 3, '2025-11-26', '19:06:26'),
(668, 17, 295, 3, '2025-11-26', '19:06:26'),
(669, 18, 0, 3, '2025-11-26', '19:06:26'),
(670, 19, 0, 3, '2025-11-26', '19:06:26'),
(671, 20, 0, 3, '2025-11-26', '19:06:26'),
(672, 21, 0, 3, '2025-11-26', '19:06:26'),
(673, 10, 790, 3, '2025-11-26', '19:06:26'),
(674, 11, 950, 3, '2025-11-26', '19:06:26'),
(675, 12, 631, 3, '2025-11-26', '19:06:26'),
(676, 13, 590, 3, '2025-11-26', '19:06:26'),
(677, 14, 395, 3, '2025-11-26', '19:06:26'),
(678, 15, 475, 3, '2025-11-26', '19:06:26'),
(679, 16, 315, 3, '2025-11-26', '19:06:26'),
(680, 17, 295, 3, '2025-11-26', '19:06:26'),
(681, 18, 0, 3, '2025-11-26', '19:06:26'),
(682, 19, 0, 3, '2025-11-26', '19:06:26'),
(683, 20, 0, 3, '2025-11-26', '19:06:26'),
(684, 21, 0, 3, '2025-11-26', '19:06:26'),
(685, 10, 791, 3, '2025-11-26', '19:06:27'),
(686, 11, 951, 3, '2025-11-26', '19:06:27'),
(687, 12, 632, 3, '2025-11-26', '19:06:27'),
(688, 13, 590, 3, '2025-11-26', '19:06:27'),
(689, 14, 395, 3, '2025-11-26', '19:06:27'),
(690, 15, 475, 3, '2025-11-26', '19:06:27'),
(691, 16, 316, 3, '2025-11-26', '19:06:27'),
(692, 17, 295, 3, '2025-11-26', '19:06:27'),
(693, 18, 0, 3, '2025-11-26', '19:06:27'),
(694, 19, 0, 3, '2025-11-26', '19:06:27'),
(695, 20, 0, 3, '2025-11-26', '19:06:27'),
(696, 21, 0, 3, '2025-11-26', '19:06:27'),
(697, 10, 790, 3, '2025-11-26', '19:06:27'),
(698, 11, 949, 3, '2025-11-26', '19:06:27'),
(699, 12, 631, 3, '2025-11-26', '19:06:27'),
(700, 13, 590, 3, '2025-11-26', '19:06:27'),
(701, 14, 395, 3, '2025-11-26', '19:06:27'),
(702, 15, 474, 3, '2025-11-26', '19:06:27'),
(703, 16, 315, 3, '2025-11-26', '19:06:27'),
(704, 17, 295, 3, '2025-11-26', '19:06:27'),
(705, 18, 0, 3, '2025-11-26', '19:06:27'),
(706, 19, 0, 3, '2025-11-26', '19:06:27'),
(707, 20, 0, 3, '2025-11-26', '19:06:27'),
(708, 21, 0, 3, '2025-11-26', '19:06:27'),
(709, 10, 790, 3, '2025-11-26', '19:06:27'),
(710, 11, 949, 3, '2025-11-26', '19:06:27'),
(711, 12, 632, 3, '2025-11-26', '19:06:27'),
(712, 13, 590, 3, '2025-11-26', '19:06:27'),
(713, 14, 395, 3, '2025-11-26', '19:06:27'),
(714, 15, 474, 3, '2025-11-26', '19:06:27'),
(715, 16, 316, 3, '2025-11-26', '19:06:27'),
(716, 17, 295, 3, '2025-11-26', '19:06:27'),
(717, 18, 0, 3, '2025-11-26', '19:06:27'),
(718, 19, 0, 3, '2025-11-26', '19:06:27'),
(719, 20, 0, 3, '2025-11-26', '19:06:27'),
(720, 21, 0, 3, '2025-11-26', '19:06:27'),
(721, 10, 790, 3, '2025-11-26', '19:06:27'),
(722, 11, 950, 3, '2025-11-26', '19:06:27'),
(723, 12, 632, 3, '2025-11-26', '19:06:27'),
(724, 13, 590, 3, '2025-11-26', '19:06:27'),
(725, 14, 395, 3, '2025-11-26', '19:06:27'),
(726, 15, 475, 3, '2025-11-26', '19:06:27'),
(727, 16, 316, 3, '2025-11-26', '19:06:27'),
(728, 17, 295, 3, '2025-11-26', '19:06:27'),
(729, 18, 0, 3, '2025-11-26', '19:06:27'),
(730, 19, 0, 3, '2025-11-26', '19:06:27'),
(731, 20, 0, 3, '2025-11-26', '19:06:27'),
(732, 21, 0, 3, '2025-11-26', '19:06:27'),
(733, 10, 790, 3, '2025-11-26', '19:06:27'),
(734, 11, 950, 3, '2025-11-26', '19:06:27'),
(735, 12, 632, 3, '2025-11-26', '19:06:27'),
(736, 13, 590, 3, '2025-11-26', '19:06:27'),
(737, 14, 395, 3, '2025-11-26', '19:06:27'),
(738, 15, 475, 3, '2025-11-26', '19:06:27'),
(739, 16, 316, 3, '2025-11-26', '19:06:27'),
(740, 17, 295, 3, '2025-11-26', '19:06:27'),
(741, 18, 0, 3, '2025-11-26', '19:06:27'),
(742, 19, 0, 3, '2025-11-26', '19:06:27'),
(743, 20, 0, 3, '2025-11-26', '19:06:27'),
(744, 21, 0, 3, '2025-11-26', '19:06:27'),
(745, 10, 789, 3, '2025-11-26', '19:06:27'),
(746, 11, 950, 3, '2025-11-26', '19:06:27'),
(747, 12, 632, 3, '2025-11-26', '19:06:27'),
(748, 13, 590, 3, '2025-11-26', '19:06:27'),
(749, 14, 394, 3, '2025-11-26', '19:06:27'),
(750, 15, 475, 3, '2025-11-26', '19:06:27'),
(751, 16, 316, 3, '2025-11-26', '19:06:27'),
(752, 17, 295, 3, '2025-11-26', '19:06:27'),
(753, 18, 0, 3, '2025-11-26', '19:06:27'),
(754, 19, 0, 3, '2025-11-26', '19:06:27'),
(755, 20, 0, 3, '2025-11-26', '19:06:27'),
(756, 21, 0, 3, '2025-11-26', '19:06:27'),
(757, 10, 790, 3, '2025-11-26', '19:06:27'),
(758, 11, 950, 3, '2025-11-26', '19:06:27'),
(759, 12, 632, 3, '2025-11-26', '19:06:27'),
(760, 13, 590, 3, '2025-11-26', '19:06:27'),
(761, 14, 395, 3, '2025-11-26', '19:06:27'),
(762, 15, 475, 3, '2025-11-26', '19:06:27'),
(763, 16, 316, 3, '2025-11-26', '19:06:27'),
(764, 17, 295, 3, '2025-11-26', '19:06:27'),
(765, 18, 0, 3, '2025-11-26', '19:06:27'),
(766, 19, 0, 3, '2025-11-26', '19:06:27'),
(767, 20, 0, 3, '2025-11-26', '19:06:27'),
(768, 21, 0, 3, '2025-11-26', '19:06:27'),
(769, 10, 790, 3, '2025-11-26', '19:06:27'),
(770, 11, 950, 3, '2025-11-26', '19:06:27'),
(771, 12, 631, 3, '2025-11-26', '19:06:27'),
(772, 13, 590, 3, '2025-11-26', '19:06:27'),
(773, 14, 395, 3, '2025-11-26', '19:06:27'),
(774, 15, 475, 3, '2025-11-26', '19:06:27'),
(775, 16, 315, 3, '2025-11-26', '19:06:27'),
(776, 17, 295, 3, '2025-11-26', '19:06:27'),
(777, 18, 0, 3, '2025-11-26', '19:06:27'),
(778, 19, 0, 3, '2025-11-26', '19:06:27'),
(779, 20, 0, 3, '2025-11-26', '19:06:27'),
(780, 21, 0, 3, '2025-11-26', '19:06:27'),
(781, 10, 790, 3, '2025-11-26', '19:06:27'),
(782, 11, 950, 3, '2025-11-26', '19:06:27'),
(783, 12, 631, 3, '2025-11-26', '19:06:27'),
(784, 13, 590, 3, '2025-11-26', '19:06:27'),
(785, 14, 395, 3, '2025-11-26', '19:06:27'),
(786, 15, 475, 3, '2025-11-26', '19:06:27'),
(787, 16, 315, 3, '2025-11-26', '19:06:27'),
(788, 17, 295, 3, '2025-11-26', '19:06:27'),
(789, 18, 0, 3, '2025-11-26', '19:06:27'),
(790, 19, 0, 3, '2025-11-26', '19:06:27'),
(791, 20, 0, 3, '2025-11-26', '19:06:27'),
(792, 21, 0, 3, '2025-11-26', '19:06:27'),
(793, 10, 790, 3, '2025-11-26', '19:06:27'),
(794, 11, 949, 3, '2025-11-26', '19:06:27'),
(795, 12, 630, 3, '2025-11-26', '19:06:27'),
(796, 13, 590, 3, '2025-11-26', '19:06:27'),
(797, 14, 395, 3, '2025-11-26', '19:06:27'),
(798, 15, 474, 3, '2025-11-26', '19:06:27'),
(799, 16, 315, 3, '2025-11-26', '19:06:27'),
(800, 17, 295, 3, '2025-11-26', '19:06:27'),
(801, 18, 0, 3, '2025-11-26', '19:06:27'),
(802, 19, 0, 3, '2025-11-26', '19:06:27'),
(803, 20, 0, 3, '2025-11-26', '19:06:27'),
(804, 21, 0, 3, '2025-11-26', '19:06:27'),
(805, 10, 789, 4, '2025-11-26', '19:06:27'),
(806, 11, 950, 4, '2025-11-26', '19:06:27'),
(807, 12, 630, 4, '2025-11-26', '19:06:27'),
(808, 13, 590, 4, '2025-11-26', '19:06:27'),
(809, 14, 394, 4, '2025-11-26', '19:06:27'),
(810, 15, 475, 4, '2025-11-26', '19:06:27'),
(811, 16, 315, 4, '2025-11-26', '19:06:27'),
(812, 17, 295, 4, '2025-11-26', '19:06:27'),
(813, 18, 0, 4, '2025-11-26', '19:06:27'),
(814, 19, 0, 4, '2025-11-26', '19:06:27'),
(815, 20, 0, 4, '2025-11-26', '19:06:27'),
(816, 21, 0, 4, '2025-11-26', '19:06:27'),
(817, 10, 790, 4, '2025-11-26', '19:06:27'),
(818, 11, 950, 4, '2025-11-26', '19:06:27'),
(819, 12, 631, 4, '2025-11-26', '19:06:27'),
(820, 13, 590, 4, '2025-11-26', '19:06:27'),
(821, 14, 395, 4, '2025-11-26', '19:06:27'),
(822, 15, 475, 4, '2025-11-26', '19:06:27'),
(823, 16, 315, 4, '2025-11-26', '19:06:27'),
(824, 17, 295, 4, '2025-11-26', '19:06:27'),
(825, 18, 0, 4, '2025-11-26', '19:06:27'),
(826, 19, 0, 4, '2025-11-26', '19:06:27'),
(827, 20, 0, 4, '2025-11-26', '19:06:27'),
(828, 21, 0, 4, '2025-11-26', '19:06:27'),
(829, 10, 790, 4, '2025-11-26', '19:06:27'),
(830, 11, 950, 4, '2025-11-26', '19:06:27'),
(831, 12, 630, 4, '2025-11-26', '19:06:27'),
(832, 13, 590, 4, '2025-11-26', '19:06:27'),
(833, 14, 395, 4, '2025-11-26', '19:06:27'),
(834, 15, 475, 4, '2025-11-26', '19:06:27'),
(835, 16, 315, 4, '2025-11-26', '19:06:27'),
(836, 17, 295, 4, '2025-11-26', '19:06:27'),
(837, 18, 0, 4, '2025-11-26', '19:06:27'),
(838, 19, 0, 4, '2025-11-26', '19:06:27'),
(839, 20, 0, 4, '2025-11-26', '19:06:27'),
(840, 21, 0, 4, '2025-11-26', '19:06:27'),
(841, 10, 790, 4, '2025-11-26', '19:06:27'),
(842, 11, 951, 4, '2025-11-26', '19:06:27'),
(843, 12, 630, 4, '2025-11-26', '19:06:27'),
(844, 13, 590, 4, '2025-11-26', '19:06:27'),
(845, 14, 395, 4, '2025-11-26', '19:06:27'),
(846, 15, 475, 4, '2025-11-26', '19:06:27'),
(847, 16, 315, 4, '2025-11-26', '19:06:27'),
(848, 17, 295, 4, '2025-11-26', '19:06:27'),
(849, 18, 0, 4, '2025-11-26', '19:06:27'),
(850, 19, 0, 4, '2025-11-26', '19:06:27'),
(851, 20, 0, 4, '2025-11-26', '19:06:27'),
(852, 21, 0, 4, '2025-11-26', '19:06:27'),
(853, 10, 791, 4, '2025-11-26', '19:06:27'),
(854, 11, 949, 4, '2025-11-26', '19:06:27'),
(855, 12, 630, 4, '2025-11-26', '19:06:27'),
(856, 13, 590, 4, '2025-11-26', '19:06:27'),
(857, 14, 395, 4, '2025-11-26', '19:06:27'),
(858, 15, 474, 4, '2025-11-26', '19:06:27'),
(859, 16, 315, 4, '2025-11-26', '19:06:27'),
(860, 17, 295, 4, '2025-11-26', '19:06:27'),
(861, 18, 0, 4, '2025-11-26', '19:06:27'),
(862, 19, 0, 4, '2025-11-26', '19:06:27'),
(863, 20, 0, 4, '2025-11-26', '19:06:27'),
(864, 21, 0, 4, '2025-11-26', '19:06:27'),
(865, 10, 790, 4, '2025-11-26', '19:06:27'),
(866, 11, 949, 4, '2025-11-26', '19:06:27'),
(867, 12, 630, 4, '2025-11-26', '19:06:27'),
(868, 13, 590, 4, '2025-11-26', '19:06:27'),
(869, 14, 395, 4, '2025-11-26', '19:06:27'),
(870, 15, 474, 4, '2025-11-26', '19:06:27'),
(871, 16, 315, 4, '2025-11-26', '19:06:27'),
(872, 17, 295, 4, '2025-11-26', '19:06:27'),
(873, 18, 0, 4, '2025-11-26', '19:06:27'),
(874, 19, 0, 4, '2025-11-26', '19:06:27'),
(875, 20, 0, 4, '2025-11-26', '19:06:27'),
(876, 21, 0, 4, '2025-11-26', '19:06:27'),
(877, 10, 790, 4, '2025-11-26', '19:06:27'),
(878, 11, 950, 4, '2025-11-26', '19:06:27'),
(879, 12, 630, 4, '2025-11-26', '19:06:27'),
(880, 13, 590, 4, '2025-11-26', '19:06:27'),
(881, 14, 395, 4, '2025-11-26', '19:06:27'),
(882, 15, 475, 4, '2025-11-26', '19:06:27'),
(883, 16, 315, 4, '2025-11-26', '19:06:27'),
(884, 17, 295, 4, '2025-11-26', '19:06:27'),
(885, 18, 0, 4, '2025-11-26', '19:06:27'),
(886, 19, 0, 4, '2025-11-26', '19:06:27'),
(887, 20, 0, 4, '2025-11-26', '19:06:27'),
(888, 21, 0, 4, '2025-11-26', '19:06:27'),
(889, 10, 790, 4, '2025-11-26', '19:06:27'),
(890, 11, 950, 4, '2025-11-26', '19:06:27'),
(891, 12, 630, 4, '2025-11-26', '19:06:27'),
(892, 13, 590, 4, '2025-11-26', '19:06:27'),
(893, 14, 395, 4, '2025-11-26', '19:06:27'),
(894, 15, 475, 4, '2025-11-26', '19:06:27'),
(895, 16, 315, 4, '2025-11-26', '19:06:27'),
(896, 17, 295, 4, '2025-11-26', '19:06:27'),
(897, 18, 0, 4, '2025-11-26', '19:06:27'),
(898, 19, 0, 4, '2025-11-26', '19:06:27'),
(899, 20, 0, 4, '2025-11-26', '19:06:27'),
(900, 21, 0, 4, '2025-11-26', '19:06:27'),
(901, 10, 790, 4, '2025-11-26', '19:06:27'),
(902, 11, 950, 4, '2025-11-26', '19:06:27'),
(903, 12, 630, 4, '2025-11-26', '19:06:27'),
(904, 13, 590, 4, '2025-11-26', '19:06:27'),
(905, 14, 395, 4, '2025-11-26', '19:06:27'),
(906, 15, 475, 4, '2025-11-26', '19:06:27'),
(907, 16, 315, 4, '2025-11-26', '19:06:27'),
(908, 17, 295, 4, '2025-11-26', '19:06:27'),
(909, 18, 0, 4, '2025-11-26', '19:06:27'),
(910, 19, 0, 4, '2025-11-26', '19:06:27'),
(911, 20, 0, 4, '2025-11-26', '19:06:27'),
(912, 21, 0, 4, '2025-11-26', '19:06:27'),
(913, 10, 791, 4, '2025-11-26', '19:06:27'),
(914, 11, 950, 4, '2025-11-26', '19:06:27'),
(915, 12, 630, 4, '2025-11-26', '19:06:27'),
(916, 13, 590, 4, '2025-11-26', '19:06:27'),
(917, 14, 395, 4, '2025-11-26', '19:06:27'),
(918, 15, 475, 4, '2025-11-26', '19:06:27'),
(919, 16, 315, 4, '2025-11-26', '19:06:27'),
(920, 17, 295, 4, '2025-11-26', '19:06:27'),
(921, 18, 0, 4, '2025-11-26', '19:06:27'),
(922, 19, 0, 4, '2025-11-26', '19:06:27'),
(923, 20, 0, 4, '2025-11-26', '19:06:27'),
(924, 21, 0, 4, '2025-11-26', '19:06:27'),
(925, 10, 790, 4, '2025-11-26', '19:06:28'),
(926, 11, 950, 4, '2025-11-26', '19:06:28'),
(927, 12, 631, 4, '2025-11-26', '19:06:28'),
(928, 13, 590, 4, '2025-11-26', '19:06:28'),
(929, 14, 395, 4, '2025-11-26', '19:06:28'),
(930, 15, 475, 4, '2025-11-26', '19:06:28'),
(931, 16, 315, 4, '2025-11-26', '19:06:28'),
(932, 17, 295, 4, '2025-11-26', '19:06:28'),
(933, 18, 0, 4, '2025-11-26', '19:06:28'),
(934, 19, 0, 4, '2025-11-26', '19:06:28'),
(935, 20, 0, 4, '2025-11-26', '19:06:28'),
(936, 21, 0, 4, '2025-11-26', '19:06:28'),
(937, 10, 790, 4, '2025-11-26', '19:06:28'),
(938, 11, 950, 4, '2025-11-26', '19:06:28'),
(939, 12, 630, 4, '2025-11-26', '19:06:28'),
(940, 13, 590, 4, '2025-11-26', '19:06:28'),
(941, 14, 395, 4, '2025-11-26', '19:06:28'),
(942, 15, 475, 4, '2025-11-26', '19:06:28'),
(943, 16, 315, 4, '2025-11-26', '19:06:28'),
(944, 17, 295, 4, '2025-11-26', '19:06:28'),
(945, 18, 0, 4, '2025-11-26', '19:06:28'),
(946, 19, 0, 4, '2025-11-26', '19:06:28'),
(947, 20, 0, 4, '2025-11-26', '19:06:28'),
(948, 21, 0, 4, '2025-11-26', '19:06:28'),
(949, 10, 790, 4, '2025-11-26', '19:06:28'),
(950, 11, 949, 4, '2025-11-26', '19:06:28'),
(951, 12, 631, 4, '2025-11-26', '19:06:28'),
(952, 13, 590, 4, '2025-11-26', '19:06:28'),
(953, 14, 395, 4, '2025-11-26', '19:06:28'),
(954, 15, 474, 4, '2025-11-26', '19:06:28'),
(955, 16, 315, 4, '2025-11-26', '19:06:28'),
(956, 17, 295, 4, '2025-11-26', '19:06:28'),
(957, 18, 0, 4, '2025-11-26', '19:06:28'),
(958, 19, 0, 4, '2025-11-26', '19:06:28'),
(959, 20, 0, 4, '2025-11-26', '19:06:28'),
(960, 21, 0, 4, '2025-11-26', '19:06:28'),
(961, 10, 790, 4, '2025-11-26', '19:06:28'),
(962, 11, 950, 4, '2025-11-26', '19:06:28'),
(963, 12, 631, 4, '2025-11-26', '19:06:28'),
(964, 13, 590, 4, '2025-11-26', '19:06:28'),
(965, 14, 395, 4, '2025-11-26', '19:06:28'),
(966, 15, 475, 4, '2025-11-26', '19:06:28'),
(967, 16, 315, 4, '2025-11-26', '19:06:28'),
(968, 17, 295, 4, '2025-11-26', '19:06:28'),
(969, 18, 0, 4, '2025-11-26', '19:06:28'),
(970, 19, 0, 4, '2025-11-26', '19:06:28'),
(971, 20, 0, 4, '2025-11-26', '19:06:28'),
(972, 21, 0, 4, '2025-11-26', '19:06:28'),
(973, 10, 790, 4, '2025-11-26', '19:06:28'),
(974, 11, 950, 4, '2025-11-26', '19:06:28'),
(975, 12, 630, 4, '2025-11-26', '19:06:28'),
(976, 13, 590, 4, '2025-11-26', '19:06:28'),
(977, 14, 395, 4, '2025-11-26', '19:06:28'),
(978, 15, 475, 4, '2025-11-26', '19:06:28'),
(979, 16, 315, 4, '2025-11-26', '19:06:28'),
(980, 17, 295, 4, '2025-11-26', '19:06:28'),
(981, 18, 0, 4, '2025-11-26', '19:06:28'),
(982, 19, 0, 4, '2025-11-26', '19:06:28'),
(983, 20, 0, 4, '2025-11-26', '19:06:28'),
(984, 21, 0, 4, '2025-11-26', '19:06:28'),
(985, 10, 789, 4, '2025-11-26', '19:06:28'),
(986, 11, 951, 4, '2025-11-26', '19:06:28'),
(987, 12, 631, 4, '2025-11-26', '19:06:28'),
(988, 13, 590, 4, '2025-11-26', '19:06:28'),
(989, 14, 394, 4, '2025-11-26', '19:06:28'),
(990, 15, 475, 4, '2025-11-26', '19:06:28'),
(991, 16, 315, 4, '2025-11-26', '19:06:28'),
(992, 17, 295, 4, '2025-11-26', '19:06:28'),
(993, 18, 0, 4, '2025-11-26', '19:06:28'),
(994, 19, 0, 4, '2025-11-26', '19:06:28'),
(995, 20, 0, 4, '2025-11-26', '19:06:28'),
(996, 21, 0, 4, '2025-11-26', '19:06:28'),
(997, 10, 791, 4, '2025-11-26', '19:06:28'),
(998, 11, 951, 4, '2025-11-26', '19:06:28'),
(999, 12, 631, 4, '2025-11-26', '19:06:28'),
(1000, 13, 590, 4, '2025-11-26', '19:06:28'),
(1001, 14, 395, 4, '2025-11-26', '19:06:28'),
(1002, 15, 475, 4, '2025-11-26', '19:06:28'),
(1003, 16, 315, 4, '2025-11-26', '19:06:28'),
(1004, 17, 295, 4, '2025-11-26', '19:06:28'),
(1005, 18, 0, 4, '2025-11-26', '19:06:28'),
(1006, 19, 0, 4, '2025-11-26', '19:06:28'),
(1007, 20, 0, 4, '2025-11-26', '19:06:28'),
(1008, 21, 0, 4, '2025-11-26', '19:06:28'),
(1009, 10, 790, 4, '2025-11-26', '19:06:28'),
(1010, 11, 950, 4, '2025-11-26', '19:06:28'),
(1011, 12, 631, 4, '2025-11-26', '19:06:28'),
(1012, 13, 590, 4, '2025-11-26', '19:06:28'),
(1013, 14, 395, 4, '2025-11-26', '19:06:28'),
(1014, 15, 475, 4, '2025-11-26', '19:06:28'),
(1015, 16, 315, 4, '2025-11-26', '19:06:28'),
(1016, 17, 295, 4, '2025-11-26', '19:06:28'),
(1017, 18, 0, 4, '2025-11-26', '19:06:28'),
(1018, 19, 0, 4, '2025-11-26', '19:06:28'),
(1019, 20, 0, 4, '2025-11-26', '19:06:28'),
(1020, 21, 0, 4, '2025-11-26', '19:06:28'),
(1021, 10, 791, 4, '2025-11-26', '19:06:28'),
(1022, 11, 950, 4, '2025-11-26', '19:06:28'),
(1023, 12, 632, 4, '2025-11-26', '19:06:28'),
(1024, 13, 590, 4, '2025-11-26', '19:06:28'),
(1025, 14, 395, 4, '2025-11-26', '19:06:28'),
(1026, 15, 475, 4, '2025-11-26', '19:06:28'),
(1027, 16, 316, 4, '2025-11-26', '19:06:28'),
(1028, 17, 295, 4, '2025-11-26', '19:06:28'),
(1029, 18, 0, 4, '2025-11-26', '19:06:28'),
(1030, 19, 0, 4, '2025-11-26', '19:06:28'),
(1031, 20, 0, 4, '2025-11-26', '19:06:28'),
(1032, 21, 0, 4, '2025-11-26', '19:06:28'),
(1033, 10, 790, 4, '2025-11-26', '19:06:28'),
(1034, 11, 949, 4, '2025-11-26', '19:06:28'),
(1035, 12, 632, 4, '2025-11-26', '19:06:28'),
(1036, 13, 590, 4, '2025-11-26', '19:06:28'),
(1037, 14, 395, 4, '2025-11-26', '19:06:28'),
(1038, 15, 474, 4, '2025-11-26', '19:06:28'),
(1039, 16, 316, 4, '2025-11-26', '19:06:28'),
(1040, 17, 295, 4, '2025-11-26', '19:06:28'),
(1041, 18, 0, 4, '2025-11-26', '19:06:28'),
(1042, 19, 0, 4, '2025-11-26', '19:06:28'),
(1043, 20, 0, 4, '2025-11-26', '19:06:28'),
(1044, 21, 0, 4, '2025-11-26', '19:06:28'),
(1045, 10, 790, 5, '2025-11-26', '19:06:28'),
(1046, 11, 951, 5, '2025-11-26', '19:06:28'),
(1047, 12, 633, 5, '2025-11-26', '19:06:28'),
(1048, 13, 590, 5, '2025-11-26', '19:06:28'),
(1049, 14, 395, 5, '2025-11-26', '19:06:28'),
(1050, 15, 475, 5, '2025-11-26', '19:06:28'),
(1051, 16, 316, 5, '2025-11-26', '19:06:28'),
(1052, 17, 295, 5, '2025-11-26', '19:06:28'),
(1053, 18, 0, 5, '2025-11-26', '19:06:28'),
(1054, 19, 0, 5, '2025-11-26', '19:06:28'),
(1055, 20, 0, 5, '2025-11-26', '19:06:28'),
(1056, 21, 0, 5, '2025-11-26', '19:06:28'),
(1057, 10, 790, 5, '2025-11-26', '19:06:28'),
(1058, 11, 951, 5, '2025-11-26', '19:06:28'),
(1059, 12, 634, 5, '2025-11-26', '19:06:28'),
(1060, 13, 590, 5, '2025-11-26', '19:06:28'),
(1061, 14, 395, 5, '2025-11-26', '19:06:28'),
(1062, 15, 475, 5, '2025-11-26', '19:06:28'),
(1063, 16, 317, 5, '2025-11-26', '19:06:28'),
(1064, 17, 295, 5, '2025-11-26', '19:06:28'),
(1065, 18, 0, 5, '2025-11-26', '19:06:28'),
(1066, 19, 0, 5, '2025-11-26', '19:06:28'),
(1067, 20, 0, 5, '2025-11-26', '19:06:28'),
(1068, 21, 0, 5, '2025-11-26', '19:06:28'),
(1069, 10, 790, 5, '2025-11-26', '19:06:28'),
(1070, 11, 951, 5, '2025-11-26', '19:06:28'),
(1071, 12, 634, 5, '2025-11-26', '19:06:28'),
(1072, 13, 590, 5, '2025-11-26', '19:06:28'),
(1073, 14, 395, 5, '2025-11-26', '19:06:28'),
(1074, 15, 475, 5, '2025-11-26', '19:06:28'),
(1075, 16, 317, 5, '2025-11-26', '19:06:28'),
(1076, 17, 295, 5, '2025-11-26', '19:06:28'),
(1077, 18, 0, 5, '2025-11-26', '19:06:28'),
(1078, 19, 0, 5, '2025-11-26', '19:06:28'),
(1079, 20, 0, 5, '2025-11-26', '19:06:28'),
(1080, 21, 0, 5, '2025-11-26', '19:06:28'),
(1081, 10, 790, 5, '2025-11-26', '19:06:28'),
(1082, 11, 950, 5, '2025-11-26', '19:06:28'),
(1083, 12, 633, 5, '2025-11-26', '19:06:28'),
(1084, 13, 590, 5, '2025-11-26', '19:06:28'),
(1085, 14, 395, 5, '2025-11-26', '19:06:28'),
(1086, 15, 475, 5, '2025-11-26', '19:06:28'),
(1087, 16, 316, 5, '2025-11-26', '19:06:28'),
(1088, 17, 295, 5, '2025-11-26', '19:06:28'),
(1089, 18, 0, 5, '2025-11-26', '19:06:28'),
(1090, 19, 0, 5, '2025-11-26', '19:06:28'),
(1091, 20, 0, 5, '2025-11-26', '19:06:28'),
(1092, 21, 0, 5, '2025-11-26', '19:06:28'),
(1093, 10, 790, 5, '2025-11-26', '19:06:28'),
(1094, 11, 950, 5, '2025-11-26', '19:06:28'),
(1095, 12, 633, 5, '2025-11-26', '19:06:28'),
(1096, 13, 590, 5, '2025-11-26', '19:06:28'),
(1097, 14, 395, 5, '2025-11-26', '19:06:28'),
(1098, 15, 475, 5, '2025-11-26', '19:06:28'),
(1099, 16, 316, 5, '2025-11-26', '19:06:28'),
(1100, 17, 295, 5, '2025-11-26', '19:06:28'),
(1101, 18, 0, 5, '2025-11-26', '19:06:28'),
(1102, 19, 0, 5, '2025-11-26', '19:06:28'),
(1103, 20, 0, 5, '2025-11-26', '19:06:28'),
(1104, 21, 0, 5, '2025-11-26', '19:06:28'),
(1105, 10, 789, 5, '2025-11-26', '19:06:28'),
(1106, 11, 950, 5, '2025-11-26', '19:06:28'),
(1107, 12, 634, 5, '2025-11-26', '19:06:28'),
(1108, 13, 590, 5, '2025-11-26', '19:06:28'),
(1109, 14, 394, 5, '2025-11-26', '19:06:28'),
(1110, 15, 475, 5, '2025-11-26', '19:06:28'),
(1111, 16, 317, 5, '2025-11-26', '19:06:28'),
(1112, 17, 295, 5, '2025-11-26', '19:06:28'),
(1113, 18, 0, 5, '2025-11-26', '19:06:28'),
(1114, 19, 0, 5, '2025-11-26', '19:06:28'),
(1115, 20, 0, 5, '2025-11-26', '19:06:28'),
(1116, 21, 0, 5, '2025-11-26', '19:06:28'),
(1117, 10, 790, 5, '2025-11-26', '19:06:28'),
(1118, 11, 950, 5, '2025-11-26', '19:06:28'),
(1119, 12, 633, 5, '2025-11-26', '19:06:28'),
(1120, 13, 590, 5, '2025-11-26', '19:06:28'),
(1121, 14, 395, 5, '2025-11-26', '19:06:28'),
(1122, 15, 475, 5, '2025-11-26', '19:06:28'),
(1123, 16, 316, 5, '2025-11-26', '19:06:28'),
(1124, 17, 295, 5, '2025-11-26', '19:06:28'),
(1125, 18, 0, 5, '2025-11-26', '19:06:28'),
(1126, 19, 0, 5, '2025-11-26', '19:06:28'),
(1127, 20, 0, 5, '2025-11-26', '19:06:28'),
(1128, 21, 0, 5, '2025-11-26', '19:06:28'),
(1129, 10, 789, 5, '2025-11-26', '19:06:28'),
(1130, 11, 950, 5, '2025-11-26', '19:06:28'),
(1131, 12, 633, 5, '2025-11-26', '19:06:28'),
(1132, 13, 590, 5, '2025-11-26', '19:06:28'),
(1133, 14, 394, 5, '2025-11-26', '19:06:28'),
(1134, 15, 475, 5, '2025-11-26', '19:06:28'),
(1135, 16, 316, 5, '2025-11-26', '19:06:28'),
(1136, 17, 295, 5, '2025-11-26', '19:06:28'),
(1137, 18, 0, 5, '2025-11-26', '19:06:28'),
(1138, 19, 0, 5, '2025-11-26', '19:06:28'),
(1139, 20, 0, 5, '2025-11-26', '19:06:28'),
(1140, 21, 0, 5, '2025-11-26', '19:06:28'),
(1141, 10, 790, 5, '2025-11-26', '19:06:28'),
(1142, 11, 950, 5, '2025-11-26', '19:06:28'),
(1143, 12, 633, 5, '2025-11-26', '19:06:28'),
(1144, 13, 590, 5, '2025-11-26', '19:06:28'),
(1145, 14, 395, 5, '2025-11-26', '19:06:28'),
(1146, 15, 475, 5, '2025-11-26', '19:06:28'),
(1147, 16, 316, 5, '2025-11-26', '19:06:28'),
(1148, 17, 295, 5, '2025-11-26', '19:06:28'),
(1149, 18, 0, 5, '2025-11-26', '19:06:28'),
(1150, 19, 0, 5, '2025-11-26', '19:06:28'),
(1151, 20, 0, 5, '2025-11-26', '19:06:28'),
(1152, 21, 0, 5, '2025-11-26', '19:06:28'),
(1153, 10, 790, 5, '2025-11-26', '19:06:28'),
(1154, 11, 950, 5, '2025-11-26', '19:06:28'),
(1155, 12, 633, 5, '2025-11-26', '19:06:28'),
(1156, 13, 590, 5, '2025-11-26', '19:06:28'),
(1157, 14, 395, 5, '2025-11-26', '19:06:28'),
(1158, 15, 475, 5, '2025-11-26', '19:06:28'),
(1159, 16, 316, 5, '2025-11-26', '19:06:28'),
(1160, 17, 295, 5, '2025-11-26', '19:06:28'),
(1161, 18, 0, 5, '2025-11-26', '19:06:28'),
(1162, 19, 0, 5, '2025-11-26', '19:06:28'),
(1163, 20, 0, 5, '2025-11-26', '19:06:28'),
(1164, 21, 0, 5, '2025-11-26', '19:06:28'),
(1165, 10, 790, 5, '2025-11-26', '19:06:29'),
(1166, 11, 950, 5, '2025-11-26', '19:06:29'),
(1167, 12, 633, 5, '2025-11-26', '19:06:29'),
(1168, 13, 590, 5, '2025-11-26', '19:06:29'),
(1169, 14, 395, 5, '2025-11-26', '19:06:29'),
(1170, 15, 475, 5, '2025-11-26', '19:06:29'),
(1171, 16, 316, 5, '2025-11-26', '19:06:29'),
(1172, 17, 295, 5, '2025-11-26', '19:06:29'),
(1173, 18, 0, 5, '2025-11-26', '19:06:29'),
(1174, 19, 0, 5, '2025-11-26', '19:06:29'),
(1175, 20, 0, 5, '2025-11-26', '19:06:29'),
(1176, 21, 0, 5, '2025-11-26', '19:06:29');
INSERT INTO `int_proceso_vars_data` (`id`, `int_proceso_vars_id`, `valor`, `tiempo`, `fecha`, `hora`) VALUES
(1177, 10, 791, 5, '2025-11-26', '19:06:29'),
(1178, 11, 950, 5, '2025-11-26', '19:06:29'),
(1179, 12, 633, 5, '2025-11-26', '19:06:29'),
(1180, 13, 590, 5, '2025-11-26', '19:06:29'),
(1181, 14, 395, 5, '2025-11-26', '19:06:29'),
(1182, 15, 475, 5, '2025-11-26', '19:06:29'),
(1183, 16, 316, 5, '2025-11-26', '19:06:29'),
(1184, 17, 295, 5, '2025-11-26', '19:06:29'),
(1185, 18, 0, 5, '2025-11-26', '19:06:29'),
(1186, 19, 0, 5, '2025-11-26', '19:06:29'),
(1187, 20, 0, 5, '2025-11-26', '19:06:29'),
(1188, 21, 0, 5, '2025-11-26', '19:06:29'),
(1189, 10, 790, 5, '2025-11-26', '19:06:29'),
(1190, 11, 950, 5, '2025-11-26', '19:06:29'),
(1191, 12, 633, 5, '2025-11-26', '19:06:29'),
(1192, 13, 590, 5, '2025-11-26', '19:06:29'),
(1193, 14, 395, 5, '2025-11-26', '19:06:29'),
(1194, 15, 475, 5, '2025-11-26', '19:06:29'),
(1195, 16, 316, 5, '2025-11-26', '19:06:29'),
(1196, 17, 295, 5, '2025-11-26', '19:06:29'),
(1197, 18, 0, 5, '2025-11-26', '19:06:29'),
(1198, 19, 0, 5, '2025-11-26', '19:06:29'),
(1199, 20, 0, 5, '2025-11-26', '19:06:29'),
(1200, 21, 0, 5, '2025-11-26', '19:06:29'),
(1201, 10, 790, 5, '2025-11-26', '19:06:29'),
(1202, 11, 950, 5, '2025-11-26', '19:06:29'),
(1203, 12, 633, 5, '2025-11-26', '19:06:29'),
(1204, 13, 590, 5, '2025-11-26', '19:06:29'),
(1205, 14, 395, 5, '2025-11-26', '19:06:29'),
(1206, 15, 475, 5, '2025-11-26', '19:06:29'),
(1207, 16, 316, 5, '2025-11-26', '19:06:29'),
(1208, 17, 295, 5, '2025-11-26', '19:06:29'),
(1209, 18, 0, 5, '2025-11-26', '19:06:29'),
(1210, 19, 0, 5, '2025-11-26', '19:06:29'),
(1211, 20, 0, 5, '2025-11-26', '19:06:29'),
(1212, 21, 0, 5, '2025-11-26', '19:06:29'),
(1213, 10, 790, 5, '2025-11-26', '19:06:29'),
(1214, 11, 950, 5, '2025-11-26', '19:06:29'),
(1215, 12, 632, 5, '2025-11-26', '19:06:29'),
(1216, 13, 590, 5, '2025-11-26', '19:06:29'),
(1217, 14, 395, 5, '2025-11-26', '19:06:29'),
(1218, 15, 475, 5, '2025-11-26', '19:06:29'),
(1219, 16, 316, 5, '2025-11-26', '19:06:29'),
(1220, 17, 295, 5, '2025-11-26', '19:06:29'),
(1221, 18, 0, 5, '2025-11-26', '19:06:29'),
(1222, 19, 0, 5, '2025-11-26', '19:06:29'),
(1223, 20, 0, 5, '2025-11-26', '19:06:29'),
(1224, 21, 0, 5, '2025-11-26', '19:06:29'),
(1225, 10, 790, 5, '2025-11-26', '19:06:29'),
(1226, 11, 950, 5, '2025-11-26', '19:06:29'),
(1227, 12, 632, 5, '2025-11-26', '19:06:29'),
(1228, 13, 590, 5, '2025-11-26', '19:06:29'),
(1229, 14, 395, 5, '2025-11-26', '19:06:29'),
(1230, 15, 475, 5, '2025-11-26', '19:06:29'),
(1231, 16, 316, 5, '2025-11-26', '19:06:29'),
(1232, 17, 295, 5, '2025-11-26', '19:06:29'),
(1233, 18, 0, 5, '2025-11-26', '19:06:29'),
(1234, 19, 0, 5, '2025-11-26', '19:06:29'),
(1235, 20, 0, 5, '2025-11-26', '19:06:29'),
(1236, 21, 0, 5, '2025-11-26', '19:06:29'),
(1237, 10, 790, 5, '2025-11-26', '19:06:29'),
(1238, 11, 950, 5, '2025-11-26', '19:06:29'),
(1239, 12, 631, 5, '2025-11-26', '19:06:29'),
(1240, 13, 590, 5, '2025-11-26', '19:06:29'),
(1241, 14, 395, 5, '2025-11-26', '19:06:29'),
(1242, 15, 475, 5, '2025-11-26', '19:06:29'),
(1243, 16, 315, 5, '2025-11-26', '19:06:29'),
(1244, 17, 295, 5, '2025-11-26', '19:06:29'),
(1245, 18, 0, 5, '2025-11-26', '19:06:29'),
(1246, 19, 0, 5, '2025-11-26', '19:06:29'),
(1247, 20, 0, 5, '2025-11-26', '19:06:29'),
(1248, 21, 0, 5, '2025-11-26', '19:06:29'),
(1249, 10, 790, 5, '2025-11-26', '19:06:29'),
(1250, 11, 951, 5, '2025-11-26', '19:06:29'),
(1251, 12, 631, 5, '2025-11-26', '19:06:29'),
(1252, 13, 590, 5, '2025-11-26', '19:06:29'),
(1253, 14, 395, 5, '2025-11-26', '19:06:29'),
(1254, 15, 475, 5, '2025-11-26', '19:06:29'),
(1255, 16, 315, 5, '2025-11-26', '19:06:29'),
(1256, 17, 295, 5, '2025-11-26', '19:06:29'),
(1257, 18, 0, 5, '2025-11-26', '19:06:29'),
(1258, 19, 0, 5, '2025-11-26', '19:06:29'),
(1259, 20, 0, 5, '2025-11-26', '19:06:29'),
(1260, 21, 0, 5, '2025-11-26', '19:06:29'),
(1261, 10, 790, 5, '2025-11-26', '19:06:29'),
(1262, 11, 949, 5, '2025-11-26', '19:06:29'),
(1263, 12, 631, 5, '2025-11-26', '19:06:29'),
(1264, 13, 590, 5, '2025-11-26', '19:06:29'),
(1265, 14, 395, 5, '2025-11-26', '19:06:29'),
(1266, 15, 474, 5, '2025-11-26', '19:06:29'),
(1267, 16, 315, 5, '2025-11-26', '19:06:29'),
(1268, 17, 295, 5, '2025-11-26', '19:06:29'),
(1269, 18, 0, 5, '2025-11-26', '19:06:29'),
(1270, 19, 0, 5, '2025-11-26', '19:06:29'),
(1271, 20, 0, 5, '2025-11-26', '19:06:29'),
(1272, 21, 0, 5, '2025-11-26', '19:06:29'),
(1273, 10, 790, 6, '2025-11-26', '19:06:29'),
(1274, 11, 949, 6, '2025-11-26', '19:06:29'),
(1275, 12, 631, 6, '2025-11-26', '19:06:29'),
(1276, 13, 590, 6, '2025-11-26', '19:06:29'),
(1277, 14, 395, 6, '2025-11-26', '19:06:29'),
(1278, 15, 474, 6, '2025-11-26', '19:06:29'),
(1279, 16, 315, 6, '2025-11-26', '19:06:29'),
(1280, 17, 295, 6, '2025-11-26', '19:06:29'),
(1281, 18, 0, 6, '2025-11-26', '19:06:29'),
(1282, 19, 0, 6, '2025-11-26', '19:06:29'),
(1283, 20, 0, 6, '2025-11-26', '19:06:29'),
(1284, 21, 0, 6, '2025-11-26', '19:06:29'),
(1285, 10, 789, 6, '2025-11-26', '19:06:29'),
(1286, 11, 949, 6, '2025-11-26', '19:06:29'),
(1287, 12, 632, 6, '2025-11-26', '19:06:29'),
(1288, 13, 590, 6, '2025-11-26', '19:06:29'),
(1289, 14, 394, 6, '2025-11-26', '19:06:29'),
(1290, 15, 474, 6, '2025-11-26', '19:06:29'),
(1291, 16, 316, 6, '2025-11-26', '19:06:29'),
(1292, 17, 295, 6, '2025-11-26', '19:06:29'),
(1293, 18, 0, 6, '2025-11-26', '19:06:29'),
(1294, 19, 0, 6, '2025-11-26', '19:06:29'),
(1295, 20, 0, 6, '2025-11-26', '19:06:29'),
(1296, 21, 0, 6, '2025-11-26', '19:06:29'),
(1297, 10, 790, 6, '2025-11-26', '19:06:29'),
(1298, 11, 950, 6, '2025-11-26', '19:06:29'),
(1299, 12, 632, 6, '2025-11-26', '19:06:29'),
(1300, 13, 590, 6, '2025-11-26', '19:06:29'),
(1301, 14, 395, 6, '2025-11-26', '19:06:29'),
(1302, 15, 475, 6, '2025-11-26', '19:06:29'),
(1303, 16, 316, 6, '2025-11-26', '19:06:29'),
(1304, 17, 295, 6, '2025-11-26', '19:06:29'),
(1305, 18, 0, 6, '2025-11-26', '19:06:29'),
(1306, 19, 0, 6, '2025-11-26', '19:06:29'),
(1307, 20, 0, 6, '2025-11-26', '19:06:29'),
(1308, 21, 0, 6, '2025-11-26', '19:06:29'),
(1309, 10, 790, 6, '2025-11-26', '19:06:29'),
(1310, 11, 949, 6, '2025-11-26', '19:06:29'),
(1311, 12, 632, 6, '2025-11-26', '19:06:29'),
(1312, 13, 590, 6, '2025-11-26', '19:06:29'),
(1313, 14, 395, 6, '2025-11-26', '19:06:29'),
(1314, 15, 474, 6, '2025-11-26', '19:06:29'),
(1315, 16, 316, 6, '2025-11-26', '19:06:29'),
(1316, 17, 295, 6, '2025-11-26', '19:06:29'),
(1317, 18, 0, 6, '2025-11-26', '19:06:29'),
(1318, 19, 0, 6, '2025-11-26', '19:06:29'),
(1319, 20, 0, 6, '2025-11-26', '19:06:29'),
(1320, 21, 0, 6, '2025-11-26', '19:06:29'),
(1321, 10, 790, 6, '2025-11-26', '19:06:29'),
(1322, 11, 950, 6, '2025-11-26', '19:06:29'),
(1323, 12, 633, 6, '2025-11-26', '19:06:29'),
(1324, 13, 590, 6, '2025-11-26', '19:06:29'),
(1325, 14, 395, 6, '2025-11-26', '19:06:29'),
(1326, 15, 475, 6, '2025-11-26', '19:06:29'),
(1327, 16, 316, 6, '2025-11-26', '19:06:29'),
(1328, 17, 295, 6, '2025-11-26', '19:06:29'),
(1329, 18, 0, 6, '2025-11-26', '19:06:29'),
(1330, 19, 0, 6, '2025-11-26', '19:06:29'),
(1331, 20, 0, 6, '2025-11-26', '19:06:29'),
(1332, 21, 0, 6, '2025-11-26', '19:06:29'),
(1333, 10, 790, 6, '2025-11-26', '19:06:29'),
(1334, 11, 950, 6, '2025-11-26', '19:06:29'),
(1335, 12, 633, 6, '2025-11-26', '19:06:29'),
(1336, 13, 590, 6, '2025-11-26', '19:06:29'),
(1337, 14, 395, 6, '2025-11-26', '19:06:29'),
(1338, 15, 475, 6, '2025-11-26', '19:06:29'),
(1339, 16, 316, 6, '2025-11-26', '19:06:29'),
(1340, 17, 295, 6, '2025-11-26', '19:06:29'),
(1341, 18, 0, 6, '2025-11-26', '19:06:29'),
(1342, 19, 0, 6, '2025-11-26', '19:06:29'),
(1343, 20, 0, 6, '2025-11-26', '19:06:29'),
(1344, 21, 0, 6, '2025-11-26', '19:06:29'),
(1345, 10, 790, 6, '2025-11-26', '19:06:29'),
(1346, 11, 949, 6, '2025-11-26', '19:06:29'),
(1347, 12, 633, 6, '2025-11-26', '19:06:29'),
(1348, 13, 590, 6, '2025-11-26', '19:06:29'),
(1349, 14, 395, 6, '2025-11-26', '19:06:29'),
(1350, 15, 474, 6, '2025-11-26', '19:06:29'),
(1351, 16, 316, 6, '2025-11-26', '19:06:29'),
(1352, 17, 295, 6, '2025-11-26', '19:06:29'),
(1353, 18, 0, 6, '2025-11-26', '19:06:29'),
(1354, 19, 0, 6, '2025-11-26', '19:06:29'),
(1355, 20, 0, 6, '2025-11-26', '19:06:29'),
(1356, 21, 0, 6, '2025-11-26', '19:06:29'),
(1357, 10, 790, 6, '2025-11-26', '19:06:29'),
(1358, 11, 950, 6, '2025-11-26', '19:06:29'),
(1359, 12, 633, 6, '2025-11-26', '19:06:29'),
(1360, 13, 590, 6, '2025-11-26', '19:06:29'),
(1361, 14, 395, 6, '2025-11-26', '19:06:29'),
(1362, 15, 475, 6, '2025-11-26', '19:06:29'),
(1363, 16, 316, 6, '2025-11-26', '19:06:29'),
(1364, 17, 295, 6, '2025-11-26', '19:06:29'),
(1365, 18, 0, 6, '2025-11-26', '19:06:29'),
(1366, 19, 0, 6, '2025-11-26', '19:06:29'),
(1367, 20, 0, 6, '2025-11-26', '19:06:29'),
(1368, 21, 0, 6, '2025-11-26', '19:06:29'),
(1369, 10, 790, 6, '2025-11-26', '19:06:29'),
(1370, 11, 951, 6, '2025-11-26', '19:06:29'),
(1371, 12, 634, 6, '2025-11-26', '19:06:29'),
(1372, 13, 590, 6, '2025-11-26', '19:06:29'),
(1373, 14, 395, 6, '2025-11-26', '19:06:29'),
(1374, 15, 475, 6, '2025-11-26', '19:06:29'),
(1375, 16, 317, 6, '2025-11-26', '19:06:29'),
(1376, 17, 295, 6, '2025-11-26', '19:06:29'),
(1377, 18, 0, 6, '2025-11-26', '19:06:29'),
(1378, 19, 0, 6, '2025-11-26', '19:06:29'),
(1379, 20, 0, 6, '2025-11-26', '19:06:29'),
(1380, 21, 0, 6, '2025-11-26', '19:06:29'),
(1381, 10, 790, 6, '2025-11-26', '19:06:29'),
(1382, 11, 951, 6, '2025-11-26', '19:06:29'),
(1383, 12, 634, 6, '2025-11-26', '19:06:29'),
(1384, 13, 590, 6, '2025-11-26', '19:06:29'),
(1385, 14, 395, 6, '2025-11-26', '19:06:29'),
(1386, 15, 475, 6, '2025-11-26', '19:06:29'),
(1387, 16, 317, 6, '2025-11-26', '19:06:29'),
(1388, 17, 295, 6, '2025-11-26', '19:06:29'),
(1389, 18, 0, 6, '2025-11-26', '19:06:29'),
(1390, 19, 0, 6, '2025-11-26', '19:06:29'),
(1391, 20, 0, 6, '2025-11-26', '19:06:29'),
(1392, 21, 0, 6, '2025-11-26', '19:06:29'),
(1393, 10, 790, 6, '2025-11-26', '19:06:30'),
(1394, 11, 950, 6, '2025-11-26', '19:06:30'),
(1395, 12, 633, 6, '2025-11-26', '19:06:30'),
(1396, 13, 590, 6, '2025-11-26', '19:06:30'),
(1397, 14, 395, 6, '2025-11-26', '19:06:30'),
(1398, 15, 475, 6, '2025-11-26', '19:06:30'),
(1399, 16, 316, 6, '2025-11-26', '19:06:30'),
(1400, 17, 295, 6, '2025-11-26', '19:06:30'),
(1401, 18, 0, 6, '2025-11-26', '19:06:30'),
(1402, 19, 0, 6, '2025-11-26', '19:06:30'),
(1403, 20, 0, 6, '2025-11-26', '19:06:30'),
(1404, 21, 0, 6, '2025-11-26', '19:06:30'),
(1405, 10, 790, 6, '2025-11-26', '19:06:30'),
(1406, 11, 949, 6, '2025-11-26', '19:06:30'),
(1407, 12, 633, 6, '2025-11-26', '19:06:30'),
(1408, 13, 590, 6, '2025-11-26', '19:06:30'),
(1409, 14, 395, 6, '2025-11-26', '19:06:30'),
(1410, 15, 474, 6, '2025-11-26', '19:06:30'),
(1411, 16, 316, 6, '2025-11-26', '19:06:30'),
(1412, 17, 295, 6, '2025-11-26', '19:06:30'),
(1413, 18, 0, 6, '2025-11-26', '19:06:30'),
(1414, 19, 0, 6, '2025-11-26', '19:06:30'),
(1415, 20, 0, 6, '2025-11-26', '19:06:30'),
(1416, 21, 0, 6, '2025-11-26', '19:06:30'),
(1417, 10, 790, 6, '2025-11-26', '19:06:30'),
(1418, 11, 950, 6, '2025-11-26', '19:06:30'),
(1419, 12, 633, 6, '2025-11-26', '19:06:30'),
(1420, 13, 590, 6, '2025-11-26', '19:06:30'),
(1421, 14, 395, 6, '2025-11-26', '19:06:30'),
(1422, 15, 475, 6, '2025-11-26', '19:06:30'),
(1423, 16, 316, 6, '2025-11-26', '19:06:30'),
(1424, 17, 295, 6, '2025-11-26', '19:06:30'),
(1425, 18, 0, 6, '2025-11-26', '19:06:30'),
(1426, 19, 0, 6, '2025-11-26', '19:06:30'),
(1427, 20, 0, 6, '2025-11-26', '19:06:30'),
(1428, 21, 0, 6, '2025-11-26', '19:06:30'),
(1429, 10, 789, 6, '2025-11-26', '19:06:30'),
(1430, 11, 950, 6, '2025-11-26', '19:06:30'),
(1431, 12, 633, 6, '2025-11-26', '19:06:30'),
(1432, 13, 590, 6, '2025-11-26', '19:06:30'),
(1433, 14, 394, 6, '2025-11-26', '19:06:30'),
(1434, 15, 475, 6, '2025-11-26', '19:06:30'),
(1435, 16, 316, 6, '2025-11-26', '19:06:30'),
(1436, 17, 295, 6, '2025-11-26', '19:06:30'),
(1437, 18, 0, 6, '2025-11-26', '19:06:30'),
(1438, 19, 0, 6, '2025-11-26', '19:06:30'),
(1439, 20, 0, 6, '2025-11-26', '19:06:30'),
(1440, 21, 0, 6, '2025-11-26', '19:06:30'),
(1441, 10, 790, 6, '2025-11-26', '19:06:30'),
(1442, 11, 950, 6, '2025-11-26', '19:06:30'),
(1443, 12, 632, 6, '2025-11-26', '19:06:30'),
(1444, 13, 590, 6, '2025-11-26', '19:06:30'),
(1445, 14, 395, 6, '2025-11-26', '19:06:30'),
(1446, 15, 475, 6, '2025-11-26', '19:06:30'),
(1447, 16, 316, 6, '2025-11-26', '19:06:30'),
(1448, 17, 295, 6, '2025-11-26', '19:06:30'),
(1449, 18, 0, 6, '2025-11-26', '19:06:30'),
(1450, 19, 0, 6, '2025-11-26', '19:06:30'),
(1451, 20, 0, 6, '2025-11-26', '19:06:30'),
(1452, 21, 0, 6, '2025-11-26', '19:06:30'),
(1453, 10, 790, 6, '2025-11-26', '19:06:30'),
(1454, 11, 949, 6, '2025-11-26', '19:06:30'),
(1455, 12, 631, 6, '2025-11-26', '19:06:30'),
(1456, 13, 590, 6, '2025-11-26', '19:06:30'),
(1457, 14, 395, 6, '2025-11-26', '19:06:30'),
(1458, 15, 474, 6, '2025-11-26', '19:06:30'),
(1459, 16, 315, 6, '2025-11-26', '19:06:30'),
(1460, 17, 295, 6, '2025-11-26', '19:06:30'),
(1461, 18, 0, 6, '2025-11-26', '19:06:30'),
(1462, 19, 0, 6, '2025-11-26', '19:06:30'),
(1463, 20, 0, 6, '2025-11-26', '19:06:30'),
(1464, 21, 0, 6, '2025-11-26', '19:06:30'),
(1465, 10, 789, 6, '2025-11-26', '19:06:30'),
(1466, 11, 950, 6, '2025-11-26', '19:06:30'),
(1467, 12, 631, 6, '2025-11-26', '19:06:30'),
(1468, 13, 590, 6, '2025-11-26', '19:06:30'),
(1469, 14, 394, 6, '2025-11-26', '19:06:30'),
(1470, 15, 475, 6, '2025-11-26', '19:06:30'),
(1471, 16, 315, 6, '2025-11-26', '19:06:30'),
(1472, 17, 295, 6, '2025-11-26', '19:06:30'),
(1473, 18, 0, 6, '2025-11-26', '19:06:30'),
(1474, 19, 0, 6, '2025-11-26', '19:06:30'),
(1475, 20, 0, 6, '2025-11-26', '19:06:30'),
(1476, 21, 0, 6, '2025-11-26', '19:06:30'),
(1477, 10, 790, 6, '2025-11-26', '19:06:30'),
(1478, 11, 950, 6, '2025-11-26', '19:06:30'),
(1479, 12, 631, 6, '2025-11-26', '19:06:30'),
(1480, 13, 590, 6, '2025-11-26', '19:06:30'),
(1481, 14, 395, 6, '2025-11-26', '19:06:30'),
(1482, 15, 475, 6, '2025-11-26', '19:06:30'),
(1483, 16, 315, 6, '2025-11-26', '19:06:30'),
(1484, 17, 295, 6, '2025-11-26', '19:06:30'),
(1485, 18, 0, 6, '2025-11-26', '19:06:30'),
(1486, 19, 0, 6, '2025-11-26', '19:06:30'),
(1487, 20, 0, 6, '2025-11-26', '19:06:30'),
(1488, 21, 0, 6, '2025-11-26', '19:06:30'),
(1489, 10, 790, 6, '2025-11-26', '19:06:30'),
(1490, 11, 950, 6, '2025-11-26', '19:06:30'),
(1491, 12, 631, 6, '2025-11-26', '19:06:30'),
(1492, 13, 590, 6, '2025-11-26', '19:06:30'),
(1493, 14, 395, 6, '2025-11-26', '19:06:30'),
(1494, 15, 475, 6, '2025-11-26', '19:06:30'),
(1495, 16, 315, 6, '2025-11-26', '19:06:30'),
(1496, 17, 295, 6, '2025-11-26', '19:06:30'),
(1497, 18, 0, 6, '2025-11-26', '19:06:30'),
(1498, 19, 0, 6, '2025-11-26', '19:06:30'),
(1499, 20, 0, 6, '2025-11-26', '19:06:30'),
(1500, 21, 0, 6, '2025-11-26', '19:06:30'),
(1501, 10, 790, 6, '2025-11-26', '19:06:30'),
(1502, 11, 950, 6, '2025-11-26', '19:06:30'),
(1503, 12, 630, 6, '2025-11-26', '19:06:30'),
(1504, 13, 590, 6, '2025-11-26', '19:06:30'),
(1505, 14, 395, 6, '2025-11-26', '19:06:30'),
(1506, 15, 475, 6, '2025-11-26', '19:06:30'),
(1507, 16, 315, 6, '2025-11-26', '19:06:30'),
(1508, 17, 295, 6, '2025-11-26', '19:06:30'),
(1509, 18, 0, 6, '2025-11-26', '19:06:30'),
(1510, 19, 0, 6, '2025-11-26', '19:06:30'),
(1511, 20, 0, 6, '2025-11-26', '19:06:30'),
(1512, 21, 0, 6, '2025-11-26', '19:06:30'),
(1513, 10, 790, 7, '2025-11-26', '19:06:30'),
(1514, 11, 950, 7, '2025-11-26', '19:06:30'),
(1515, 12, 629, 7, '2025-11-26', '19:06:30'),
(1516, 13, 590, 7, '2025-11-26', '19:06:30'),
(1517, 14, 395, 7, '2025-11-26', '19:06:30'),
(1518, 15, 475, 7, '2025-11-26', '19:06:30'),
(1519, 16, 314, 7, '2025-11-26', '19:06:30'),
(1520, 17, 295, 7, '2025-11-26', '19:06:30'),
(1521, 18, 0, 7, '2025-11-26', '19:06:30'),
(1522, 19, 0, 7, '2025-11-26', '19:06:30'),
(1523, 20, 0, 7, '2025-11-26', '19:06:30'),
(1524, 21, 0, 7, '2025-11-26', '19:06:30'),
(1525, 10, 790, 7, '2025-11-26', '19:06:30'),
(1526, 11, 951, 7, '2025-11-26', '19:06:30'),
(1527, 12, 630, 7, '2025-11-26', '19:06:30'),
(1528, 13, 590, 7, '2025-11-26', '19:06:30'),
(1529, 14, 395, 7, '2025-11-26', '19:06:30'),
(1530, 15, 475, 7, '2025-11-26', '19:06:30'),
(1531, 16, 315, 7, '2025-11-26', '19:06:30'),
(1532, 17, 295, 7, '2025-11-26', '19:06:30'),
(1533, 18, 0, 7, '2025-11-26', '19:06:30'),
(1534, 19, 0, 7, '2025-11-26', '19:06:30'),
(1535, 20, 0, 7, '2025-11-26', '19:06:30'),
(1536, 21, 0, 7, '2025-11-26', '19:06:30'),
(1537, 10, 790, 7, '2025-11-26', '19:06:30'),
(1538, 11, 950, 7, '2025-11-26', '19:06:30'),
(1539, 12, 630, 7, '2025-11-26', '19:06:30'),
(1540, 13, 590, 7, '2025-11-26', '19:06:30'),
(1541, 14, 395, 7, '2025-11-26', '19:06:30'),
(1542, 15, 475, 7, '2025-11-26', '19:06:30'),
(1543, 16, 315, 7, '2025-11-26', '19:06:30'),
(1544, 17, 295, 7, '2025-11-26', '19:06:30'),
(1545, 18, 0, 7, '2025-11-26', '19:06:30'),
(1546, 19, 0, 7, '2025-11-26', '19:06:30'),
(1547, 20, 0, 7, '2025-11-26', '19:06:30'),
(1548, 21, 0, 7, '2025-11-26', '19:06:30'),
(1549, 10, 790, 7, '2025-11-26', '19:06:30'),
(1550, 11, 949, 7, '2025-11-26', '19:06:30'),
(1551, 12, 630, 7, '2025-11-26', '19:06:30'),
(1552, 13, 590, 7, '2025-11-26', '19:06:30'),
(1553, 14, 395, 7, '2025-11-26', '19:06:30'),
(1554, 15, 474, 7, '2025-11-26', '19:06:30'),
(1555, 16, 315, 7, '2025-11-26', '19:06:30'),
(1556, 17, 295, 7, '2025-11-26', '19:06:30'),
(1557, 18, 0, 7, '2025-11-26', '19:06:30'),
(1558, 19, 0, 7, '2025-11-26', '19:06:30'),
(1559, 20, 0, 7, '2025-11-26', '19:06:30'),
(1560, 21, 0, 7, '2025-11-26', '19:06:30'),
(1561, 10, 790, 7, '2025-11-26', '19:06:30'),
(1562, 11, 950, 7, '2025-11-26', '19:06:30'),
(1563, 12, 630, 7, '2025-11-26', '19:06:30'),
(1564, 13, 590, 7, '2025-11-26', '19:06:30'),
(1565, 14, 395, 7, '2025-11-26', '19:06:30'),
(1566, 15, 475, 7, '2025-11-26', '19:06:30'),
(1567, 16, 315, 7, '2025-11-26', '19:06:30'),
(1568, 17, 295, 7, '2025-11-26', '19:06:30'),
(1569, 18, 0, 7, '2025-11-26', '19:06:30'),
(1570, 19, 0, 7, '2025-11-26', '19:06:30'),
(1571, 20, 0, 7, '2025-11-26', '19:06:30'),
(1572, 21, 0, 7, '2025-11-26', '19:06:30'),
(1573, 10, 790, 7, '2025-11-26', '19:06:30'),
(1574, 11, 950, 7, '2025-11-26', '19:06:30'),
(1575, 12, 630, 7, '2025-11-26', '19:06:30'),
(1576, 13, 590, 7, '2025-11-26', '19:06:30'),
(1577, 14, 395, 7, '2025-11-26', '19:06:30'),
(1578, 15, 475, 7, '2025-11-26', '19:06:30'),
(1579, 16, 315, 7, '2025-11-26', '19:06:30'),
(1580, 17, 295, 7, '2025-11-26', '19:06:30'),
(1581, 18, 0, 7, '2025-11-26', '19:06:30'),
(1582, 19, 0, 7, '2025-11-26', '19:06:30'),
(1583, 20, 0, 7, '2025-11-26', '19:06:30'),
(1584, 21, 0, 7, '2025-11-26', '19:06:30'),
(1585, 10, 790, 7, '2025-11-26', '19:06:30'),
(1586, 11, 949, 7, '2025-11-26', '19:06:30'),
(1587, 12, 629, 7, '2025-11-26', '19:06:30'),
(1588, 13, 590, 7, '2025-11-26', '19:06:30'),
(1589, 14, 395, 7, '2025-11-26', '19:06:30'),
(1590, 15, 474, 7, '2025-11-26', '19:06:30'),
(1591, 16, 314, 7, '2025-11-26', '19:06:30'),
(1592, 17, 295, 7, '2025-11-26', '19:06:30'),
(1593, 18, 0, 7, '2025-11-26', '19:06:30'),
(1594, 19, 0, 7, '2025-11-26', '19:06:30'),
(1595, 20, 0, 7, '2025-11-26', '19:06:30'),
(1596, 21, 0, 7, '2025-11-26', '19:06:30'),
(1597, 10, 791, 7, '2025-11-26', '19:06:30'),
(1598, 11, 951, 7, '2025-11-26', '19:06:30'),
(1599, 12, 631, 7, '2025-11-26', '19:06:30'),
(1600, 13, 590, 7, '2025-11-26', '19:06:30'),
(1601, 14, 395, 7, '2025-11-26', '19:06:30'),
(1602, 15, 475, 7, '2025-11-26', '19:06:30'),
(1603, 16, 315, 7, '2025-11-26', '19:06:30'),
(1604, 17, 295, 7, '2025-11-26', '19:06:30'),
(1605, 18, 0, 7, '2025-11-26', '19:06:30'),
(1606, 19, 0, 7, '2025-11-26', '19:06:30'),
(1607, 20, 0, 7, '2025-11-26', '19:06:30'),
(1608, 21, 0, 7, '2025-11-26', '19:06:30'),
(1609, 10, 789, 7, '2025-11-26', '19:06:30'),
(1610, 11, 950, 7, '2025-11-26', '19:06:30'),
(1611, 12, 630, 7, '2025-11-26', '19:06:30'),
(1612, 13, 590, 7, '2025-11-26', '19:06:30'),
(1613, 14, 394, 7, '2025-11-26', '19:06:30'),
(1614, 15, 475, 7, '2025-11-26', '19:06:30'),
(1615, 16, 315, 7, '2025-11-26', '19:06:30'),
(1616, 17, 295, 7, '2025-11-26', '19:06:30'),
(1617, 18, 0, 7, '2025-11-26', '19:06:30'),
(1618, 19, 0, 7, '2025-11-26', '19:06:30'),
(1619, 20, 0, 7, '2025-11-26', '19:06:30'),
(1620, 21, 0, 7, '2025-11-26', '19:06:30'),
(1621, 10, 790, 7, '2025-11-26', '19:06:30'),
(1622, 11, 949, 7, '2025-11-26', '19:06:30'),
(1623, 12, 629, 7, '2025-11-26', '19:06:30'),
(1624, 13, 590, 7, '2025-11-26', '19:06:30'),
(1625, 14, 395, 7, '2025-11-26', '19:06:30'),
(1626, 15, 474, 7, '2025-11-26', '19:06:30'),
(1627, 16, 314, 7, '2025-11-26', '19:06:30'),
(1628, 17, 295, 7, '2025-11-26', '19:06:30'),
(1629, 18, 0, 7, '2025-11-26', '19:06:30'),
(1630, 19, 0, 7, '2025-11-26', '19:06:30'),
(1631, 20, 0, 7, '2025-11-26', '19:06:30'),
(1632, 21, 0, 7, '2025-11-26', '19:06:30'),
(1633, 10, 790, 7, '2025-11-26', '19:06:31'),
(1634, 11, 949, 7, '2025-11-26', '19:06:31'),
(1635, 12, 629, 7, '2025-11-26', '19:06:31'),
(1636, 13, 590, 7, '2025-11-26', '19:06:31'),
(1637, 14, 395, 7, '2025-11-26', '19:06:31'),
(1638, 15, 474, 7, '2025-11-26', '19:06:31'),
(1639, 16, 314, 7, '2025-11-26', '19:06:31'),
(1640, 17, 295, 7, '2025-11-26', '19:06:31'),
(1641, 18, 0, 7, '2025-11-26', '19:06:31'),
(1642, 19, 0, 7, '2025-11-26', '19:06:31'),
(1643, 20, 0, 7, '2025-11-26', '19:06:31'),
(1644, 21, 0, 7, '2025-11-26', '19:06:31'),
(1645, 10, 790, 7, '2025-11-26', '19:06:31'),
(1646, 11, 950, 7, '2025-11-26', '19:06:31'),
(1647, 12, 627, 7, '2025-11-26', '19:06:31'),
(1648, 13, 590, 7, '2025-11-26', '19:06:31'),
(1649, 14, 395, 7, '2025-11-26', '19:06:31'),
(1650, 15, 475, 7, '2025-11-26', '19:06:31'),
(1651, 16, 313, 7, '2025-11-26', '19:06:31'),
(1652, 17, 295, 7, '2025-11-26', '19:06:31'),
(1653, 18, 0, 7, '2025-11-26', '19:06:31'),
(1654, 19, 0, 7, '2025-11-26', '19:06:31'),
(1655, 20, 0, 7, '2025-11-26', '19:06:31'),
(1656, 21, 0, 7, '2025-11-26', '19:06:31'),
(1657, 10, 790, 7, '2025-11-26', '19:06:31'),
(1658, 11, 950, 7, '2025-11-26', '19:06:31'),
(1659, 12, 628, 7, '2025-11-26', '19:06:31'),
(1660, 13, 590, 7, '2025-11-26', '19:06:31'),
(1661, 14, 395, 7, '2025-11-26', '19:06:31'),
(1662, 15, 475, 7, '2025-11-26', '19:06:31'),
(1663, 16, 314, 7, '2025-11-26', '19:06:31'),
(1664, 17, 295, 7, '2025-11-26', '19:06:31'),
(1665, 18, 0, 7, '2025-11-26', '19:06:31'),
(1666, 19, 0, 7, '2025-11-26', '19:06:31'),
(1667, 20, 0, 7, '2025-11-26', '19:06:31'),
(1668, 21, 0, 7, '2025-11-26', '19:06:31'),
(1669, 10, 790, 7, '2025-11-26', '19:06:31'),
(1670, 11, 950, 7, '2025-11-26', '19:06:31'),
(1671, 12, 628, 7, '2025-11-26', '19:06:31'),
(1672, 13, 590, 7, '2025-11-26', '19:06:31'),
(1673, 14, 395, 7, '2025-11-26', '19:06:31'),
(1674, 15, 475, 7, '2025-11-26', '19:06:31'),
(1675, 16, 314, 7, '2025-11-26', '19:06:31'),
(1676, 17, 295, 7, '2025-11-26', '19:06:31'),
(1677, 18, 0, 7, '2025-11-26', '19:06:31'),
(1678, 19, 0, 7, '2025-11-26', '19:06:31'),
(1679, 20, 0, 7, '2025-11-26', '19:06:31'),
(1680, 21, 0, 7, '2025-11-26', '19:06:31'),
(1681, 10, 790, 7, '2025-11-26', '19:06:31'),
(1682, 11, 950, 7, '2025-11-26', '19:06:31'),
(1683, 12, 628, 7, '2025-11-26', '19:06:31'),
(1684, 13, 590, 7, '2025-11-26', '19:06:31'),
(1685, 14, 395, 7, '2025-11-26', '19:06:31'),
(1686, 15, 475, 7, '2025-11-26', '19:06:31'),
(1687, 16, 314, 7, '2025-11-26', '19:06:31'),
(1688, 17, 295, 7, '2025-11-26', '19:06:31'),
(1689, 18, 0, 7, '2025-11-26', '19:06:31'),
(1690, 19, 0, 7, '2025-11-26', '19:06:31'),
(1691, 20, 0, 7, '2025-11-26', '19:06:31'),
(1692, 21, 0, 7, '2025-11-26', '19:06:31'),
(1693, 10, 790, 7, '2025-11-26', '19:06:31'),
(1694, 11, 950, 7, '2025-11-26', '19:06:31'),
(1695, 12, 628, 7, '2025-11-26', '19:06:31'),
(1696, 13, 590, 7, '2025-11-26', '19:06:31'),
(1697, 14, 395, 7, '2025-11-26', '19:06:31'),
(1698, 15, 475, 7, '2025-11-26', '19:06:31'),
(1699, 16, 314, 7, '2025-11-26', '19:06:31'),
(1700, 17, 295, 7, '2025-11-26', '19:06:31'),
(1701, 18, 0, 7, '2025-11-26', '19:06:31'),
(1702, 19, 0, 7, '2025-11-26', '19:06:31'),
(1703, 20, 0, 7, '2025-11-26', '19:06:31'),
(1704, 21, 0, 7, '2025-11-26', '19:06:31'),
(1705, 10, 790, 7, '2025-11-26', '19:06:31'),
(1706, 11, 950, 7, '2025-11-26', '19:06:31'),
(1707, 12, 629, 7, '2025-11-26', '19:06:31'),
(1708, 13, 590, 7, '2025-11-26', '19:06:31'),
(1709, 14, 395, 7, '2025-11-26', '19:06:31'),
(1710, 15, 475, 7, '2025-11-26', '19:06:31'),
(1711, 16, 314, 7, '2025-11-26', '19:06:31'),
(1712, 17, 295, 7, '2025-11-26', '19:06:31'),
(1713, 18, 0, 7, '2025-11-26', '19:06:31'),
(1714, 19, 0, 7, '2025-11-26', '19:06:31'),
(1715, 20, 0, 7, '2025-11-26', '19:06:31'),
(1716, 21, 0, 7, '2025-11-26', '19:06:31'),
(1717, 10, 790, 7, '2025-11-26', '19:06:31'),
(1718, 11, 951, 7, '2025-11-26', '19:06:31'),
(1719, 12, 630, 7, '2025-11-26', '19:06:31'),
(1720, 13, 590, 7, '2025-11-26', '19:06:31'),
(1721, 14, 395, 7, '2025-11-26', '19:06:31'),
(1722, 15, 475, 7, '2025-11-26', '19:06:31'),
(1723, 16, 315, 7, '2025-11-26', '19:06:31'),
(1724, 17, 295, 7, '2025-11-26', '19:06:31'),
(1725, 18, 0, 7, '2025-11-26', '19:06:31'),
(1726, 19, 0, 7, '2025-11-26', '19:06:31'),
(1727, 20, 0, 7, '2025-11-26', '19:06:31'),
(1728, 21, 0, 7, '2025-11-26', '19:06:31'),
(1729, 10, 791, 7, '2025-11-26', '19:06:31'),
(1730, 11, 950, 7, '2025-11-26', '19:06:31'),
(1731, 12, 629, 7, '2025-11-26', '19:06:31'),
(1732, 13, 590, 7, '2025-11-26', '19:06:31'),
(1733, 14, 395, 7, '2025-11-26', '19:06:31'),
(1734, 15, 475, 7, '2025-11-26', '19:06:31'),
(1735, 16, 314, 7, '2025-11-26', '19:06:31'),
(1736, 17, 295, 7, '2025-11-26', '19:06:31'),
(1737, 18, 0, 7, '2025-11-26', '19:06:31'),
(1738, 19, 0, 7, '2025-11-26', '19:06:31'),
(1739, 20, 0, 7, '2025-11-26', '19:06:31'),
(1740, 21, 0, 7, '2025-11-26', '19:06:31'),
(1741, 10, 790, 7, '2025-11-26', '19:06:31'),
(1742, 11, 949, 7, '2025-11-26', '19:06:31'),
(1743, 12, 628, 7, '2025-11-26', '19:06:31'),
(1744, 13, 590, 7, '2025-11-26', '19:06:31'),
(1745, 14, 395, 7, '2025-11-26', '19:06:31'),
(1746, 15, 474, 7, '2025-11-26', '19:06:31'),
(1747, 16, 314, 7, '2025-11-26', '19:06:31'),
(1748, 17, 295, 7, '2025-11-26', '19:06:31'),
(1749, 18, 0, 7, '2025-11-26', '19:06:31'),
(1750, 19, 0, 7, '2025-11-26', '19:06:31'),
(1751, 20, 0, 7, '2025-11-26', '19:06:31'),
(1752, 21, 0, 7, '2025-11-26', '19:06:31'),
(1753, 10, 790, 8, '2025-11-26', '19:06:31'),
(1754, 11, 950, 8, '2025-11-26', '19:06:31'),
(1755, 12, 629, 8, '2025-11-26', '19:06:31'),
(1756, 13, 590, 8, '2025-11-26', '19:06:31'),
(1757, 14, 395, 8, '2025-11-26', '19:06:31'),
(1758, 15, 475, 8, '2025-11-26', '19:06:31'),
(1759, 16, 314, 8, '2025-11-26', '19:06:31'),
(1760, 17, 295, 8, '2025-11-26', '19:06:31'),
(1761, 18, 0, 8, '2025-11-26', '19:06:31'),
(1762, 19, 0, 8, '2025-11-26', '19:06:31'),
(1763, 20, 0, 8, '2025-11-26', '19:06:31'),
(1764, 21, 0, 8, '2025-11-26', '19:06:31'),
(1765, 10, 789, 8, '2025-11-26', '19:06:31'),
(1766, 11, 950, 8, '2025-11-26', '19:06:31'),
(1767, 12, 628, 8, '2025-11-26', '19:06:31'),
(1768, 13, 591, 8, '2025-11-26', '19:06:31'),
(1769, 14, 394, 8, '2025-11-26', '19:06:31'),
(1770, 15, 475, 8, '2025-11-26', '19:06:31'),
(1771, 16, 314, 8, '2025-11-26', '19:06:31'),
(1772, 17, 295, 8, '2025-11-26', '19:06:31'),
(1773, 18, 0, 8, '2025-11-26', '19:06:31'),
(1774, 19, 0, 8, '2025-11-26', '19:06:31'),
(1775, 20, 0, 8, '2025-11-26', '19:06:31'),
(1776, 21, 0, 8, '2025-11-26', '19:06:31'),
(1777, 10, 790, 8, '2025-11-26', '19:06:31'),
(1778, 11, 950, 8, '2025-11-26', '19:06:31'),
(1779, 12, 629, 8, '2025-11-26', '19:06:31'),
(1780, 13, 590, 8, '2025-11-26', '19:06:31'),
(1781, 14, 395, 8, '2025-11-26', '19:06:31'),
(1782, 15, 475, 8, '2025-11-26', '19:06:31'),
(1783, 16, 314, 8, '2025-11-26', '19:06:31'),
(1784, 17, 295, 8, '2025-11-26', '19:06:31'),
(1785, 18, 0, 8, '2025-11-26', '19:06:31'),
(1786, 19, 0, 8, '2025-11-26', '19:06:31'),
(1787, 20, 0, 8, '2025-11-26', '19:06:31'),
(1788, 21, 0, 8, '2025-11-26', '19:06:31'),
(1789, 10, 789, 8, '2025-11-26', '19:06:31'),
(1790, 11, 950, 8, '2025-11-26', '19:06:31'),
(1791, 12, 629, 8, '2025-11-26', '19:06:31'),
(1792, 13, 590, 8, '2025-11-26', '19:06:31'),
(1793, 14, 394, 8, '2025-11-26', '19:06:31'),
(1794, 15, 475, 8, '2025-11-26', '19:06:31'),
(1795, 16, 314, 8, '2025-11-26', '19:06:31'),
(1796, 17, 295, 8, '2025-11-26', '19:06:31'),
(1797, 18, 0, 8, '2025-11-26', '19:06:31'),
(1798, 19, 0, 8, '2025-11-26', '19:06:31'),
(1799, 20, 0, 8, '2025-11-26', '19:06:31'),
(1800, 21, 0, 8, '2025-11-26', '19:06:31'),
(1801, 10, 790, 8, '2025-11-26', '19:06:31'),
(1802, 11, 949, 8, '2025-11-26', '19:06:31'),
(1803, 12, 628, 8, '2025-11-26', '19:06:31'),
(1804, 13, 590, 8, '2025-11-26', '19:06:31'),
(1805, 14, 395, 8, '2025-11-26', '19:06:31'),
(1806, 15, 474, 8, '2025-11-26', '19:06:31'),
(1807, 16, 314, 8, '2025-11-26', '19:06:31'),
(1808, 17, 295, 8, '2025-11-26', '19:06:31'),
(1809, 18, 0, 8, '2025-11-26', '19:06:31'),
(1810, 19, 0, 8, '2025-11-26', '19:06:31'),
(1811, 20, 0, 8, '2025-11-26', '19:06:31'),
(1812, 21, 0, 8, '2025-11-26', '19:06:31'),
(1813, 10, 790, 8, '2025-11-26', '19:06:31'),
(1814, 11, 950, 8, '2025-11-26', '19:06:31'),
(1815, 12, 629, 8, '2025-11-26', '19:06:31'),
(1816, 13, 591, 8, '2025-11-26', '19:06:31'),
(1817, 14, 395, 8, '2025-11-26', '19:06:31'),
(1818, 15, 475, 8, '2025-11-26', '19:06:31'),
(1819, 16, 314, 8, '2025-11-26', '19:06:31'),
(1820, 17, 295, 8, '2025-11-26', '19:06:31'),
(1821, 18, 0, 8, '2025-11-26', '19:06:31'),
(1822, 19, 0, 8, '2025-11-26', '19:06:31'),
(1823, 20, 0, 8, '2025-11-26', '19:06:31'),
(1824, 21, 0, 8, '2025-11-26', '19:06:31'),
(1825, 10, 790, 8, '2025-11-26', '19:06:31'),
(1826, 11, 950, 8, '2025-11-26', '19:06:31'),
(1827, 12, 629, 8, '2025-11-26', '19:06:31'),
(1828, 13, 590, 8, '2025-11-26', '19:06:31'),
(1829, 14, 395, 8, '2025-11-26', '19:06:31'),
(1830, 15, 475, 8, '2025-11-26', '19:06:31'),
(1831, 16, 314, 8, '2025-11-26', '19:06:31'),
(1832, 17, 295, 8, '2025-11-26', '19:06:31'),
(1833, 18, 0, 8, '2025-11-26', '19:06:31'),
(1834, 19, 0, 8, '2025-11-26', '19:06:31'),
(1835, 20, 0, 8, '2025-11-26', '19:06:31'),
(1836, 21, 0, 8, '2025-11-26', '19:06:31'),
(1837, 10, 789, 8, '2025-11-26', '19:06:31'),
(1838, 11, 950, 8, '2025-11-26', '19:06:31'),
(1839, 12, 628, 8, '2025-11-26', '19:06:31'),
(1840, 13, 590, 8, '2025-11-26', '19:06:31'),
(1841, 14, 394, 8, '2025-11-26', '19:06:31'),
(1842, 15, 475, 8, '2025-11-26', '19:06:31'),
(1843, 16, 314, 8, '2025-11-26', '19:06:31'),
(1844, 17, 295, 8, '2025-11-26', '19:06:31'),
(1845, 18, 0, 8, '2025-11-26', '19:06:31'),
(1846, 19, 0, 8, '2025-11-26', '19:06:31'),
(1847, 20, 0, 8, '2025-11-26', '19:06:31'),
(1848, 21, 0, 8, '2025-11-26', '19:06:31'),
(1849, 10, 790, 8, '2025-11-26', '19:06:31'),
(1850, 11, 950, 8, '2025-11-26', '19:06:31'),
(1851, 12, 628, 8, '2025-11-26', '19:06:31'),
(1852, 13, 590, 8, '2025-11-26', '19:06:31'),
(1853, 14, 395, 8, '2025-11-26', '19:06:31'),
(1854, 15, 475, 8, '2025-11-26', '19:06:31'),
(1855, 16, 314, 8, '2025-11-26', '19:06:31'),
(1856, 17, 295, 8, '2025-11-26', '19:06:31'),
(1857, 18, 0, 8, '2025-11-26', '19:06:31'),
(1858, 19, 0, 8, '2025-11-26', '19:06:31'),
(1859, 20, 0, 8, '2025-11-26', '19:06:31'),
(1860, 21, 0, 8, '2025-11-26', '19:06:31'),
(1861, 10, 791, 8, '2025-11-26', '19:06:31'),
(1862, 11, 949, 8, '2025-11-26', '19:06:31'),
(1863, 12, 629, 8, '2025-11-26', '19:06:31'),
(1864, 13, 590, 8, '2025-11-26', '19:06:31'),
(1865, 14, 395, 8, '2025-11-26', '19:06:31'),
(1866, 15, 474, 8, '2025-11-26', '19:06:31'),
(1867, 16, 314, 8, '2025-11-26', '19:06:31'),
(1868, 17, 295, 8, '2025-11-26', '19:06:31'),
(1869, 18, 0, 8, '2025-11-26', '19:06:31'),
(1870, 19, 0, 8, '2025-11-26', '19:06:31'),
(1871, 20, 0, 8, '2025-11-26', '19:06:31'),
(1872, 21, 0, 8, '2025-11-26', '19:06:31'),
(1873, 10, 790, 8, '2025-11-26', '19:06:32'),
(1874, 11, 950, 8, '2025-11-26', '19:06:32'),
(1875, 12, 628, 8, '2025-11-26', '19:06:32'),
(1876, 13, 590, 8, '2025-11-26', '19:06:32'),
(1877, 14, 395, 8, '2025-11-26', '19:06:32'),
(1878, 15, 475, 8, '2025-11-26', '19:06:32'),
(1879, 16, 314, 8, '2025-11-26', '19:06:32'),
(1880, 17, 295, 8, '2025-11-26', '19:06:32'),
(1881, 18, 0, 8, '2025-11-26', '19:06:32'),
(1882, 19, 0, 8, '2025-11-26', '19:06:32'),
(1883, 20, 0, 8, '2025-11-26', '19:06:32'),
(1884, 21, 0, 8, '2025-11-26', '19:06:32'),
(1885, 10, 790, 8, '2025-11-26', '19:06:32'),
(1886, 11, 950, 8, '2025-11-26', '19:06:32'),
(1887, 12, 629, 8, '2025-11-26', '19:06:32'),
(1888, 13, 590, 8, '2025-11-26', '19:06:32'),
(1889, 14, 395, 8, '2025-11-26', '19:06:32'),
(1890, 15, 475, 8, '2025-11-26', '19:06:32'),
(1891, 16, 314, 8, '2025-11-26', '19:06:32'),
(1892, 17, 295, 8, '2025-11-26', '19:06:32'),
(1893, 18, 0, 8, '2025-11-26', '19:06:32'),
(1894, 19, 0, 8, '2025-11-26', '19:06:32'),
(1895, 20, 0, 8, '2025-11-26', '19:06:32'),
(1896, 21, 0, 8, '2025-11-26', '19:06:32'),
(1897, 10, 790, 8, '2025-11-26', '19:06:32'),
(1898, 11, 950, 8, '2025-11-26', '19:06:32'),
(1899, 12, 629, 8, '2025-11-26', '19:06:32'),
(1900, 13, 590, 8, '2025-11-26', '19:06:32'),
(1901, 14, 395, 8, '2025-11-26', '19:06:32'),
(1902, 15, 475, 8, '2025-11-26', '19:06:32'),
(1903, 16, 314, 8, '2025-11-26', '19:06:32'),
(1904, 17, 295, 8, '2025-11-26', '19:06:32'),
(1905, 18, 0, 8, '2025-11-26', '19:06:32'),
(1906, 19, 0, 8, '2025-11-26', '19:06:32'),
(1907, 20, 0, 8, '2025-11-26', '19:06:32'),
(1908, 21, 0, 8, '2025-11-26', '19:06:32'),
(1909, 10, 790, 8, '2025-11-26', '19:06:32'),
(1910, 11, 950, 8, '2025-11-26', '19:06:32'),
(1911, 12, 630, 8, '2025-11-26', '19:06:32'),
(1912, 13, 590, 8, '2025-11-26', '19:06:32'),
(1913, 14, 395, 8, '2025-11-26', '19:06:32'),
(1914, 15, 475, 8, '2025-11-26', '19:06:32'),
(1915, 16, 315, 8, '2025-11-26', '19:06:32'),
(1916, 17, 295, 8, '2025-11-26', '19:06:32'),
(1917, 18, 0, 8, '2025-11-26', '19:06:32'),
(1918, 19, 0, 8, '2025-11-26', '19:06:32'),
(1919, 20, 0, 8, '2025-11-26', '19:06:32'),
(1920, 21, 0, 8, '2025-11-26', '19:06:32'),
(1921, 10, 790, 8, '2025-11-26', '19:06:32'),
(1922, 11, 950, 8, '2025-11-26', '19:06:32'),
(1923, 12, 630, 8, '2025-11-26', '19:06:32'),
(1924, 13, 590, 8, '2025-11-26', '19:06:32'),
(1925, 14, 395, 8, '2025-11-26', '19:06:32'),
(1926, 15, 475, 8, '2025-11-26', '19:06:32'),
(1927, 16, 315, 8, '2025-11-26', '19:06:32'),
(1928, 17, 295, 8, '2025-11-26', '19:06:32'),
(1929, 18, 0, 8, '2025-11-26', '19:06:32'),
(1930, 19, 0, 8, '2025-11-26', '19:06:32'),
(1931, 20, 0, 8, '2025-11-26', '19:06:32'),
(1932, 21, 0, 8, '2025-11-26', '19:06:32'),
(1933, 10, 791, 8, '2025-11-26', '19:06:32'),
(1934, 11, 951, 8, '2025-11-26', '19:06:32'),
(1935, 12, 631, 8, '2025-11-26', '19:06:32'),
(1936, 13, 590, 8, '2025-11-26', '19:06:32'),
(1937, 14, 395, 8, '2025-11-26', '19:06:32'),
(1938, 15, 475, 8, '2025-11-26', '19:06:32'),
(1939, 16, 315, 8, '2025-11-26', '19:06:32'),
(1940, 17, 295, 8, '2025-11-26', '19:06:32'),
(1941, 18, 0, 8, '2025-11-26', '19:06:32'),
(1942, 19, 0, 8, '2025-11-26', '19:06:32'),
(1943, 20, 0, 8, '2025-11-26', '19:06:32'),
(1944, 21, 0, 8, '2025-11-26', '19:06:32'),
(1945, 10, 791, 8, '2025-11-26', '19:06:32'),
(1946, 11, 950, 8, '2025-11-26', '19:06:32'),
(1947, 12, 631, 8, '2025-11-26', '19:06:32'),
(1948, 13, 590, 8, '2025-11-26', '19:06:32'),
(1949, 14, 395, 8, '2025-11-26', '19:06:32'),
(1950, 15, 475, 8, '2025-11-26', '19:06:32'),
(1951, 16, 315, 8, '2025-11-26', '19:06:32'),
(1952, 17, 295, 8, '2025-11-26', '19:06:32'),
(1953, 18, 0, 8, '2025-11-26', '19:06:32'),
(1954, 19, 0, 8, '2025-11-26', '19:06:32'),
(1955, 20, 0, 8, '2025-11-26', '19:06:32'),
(1956, 21, 0, 8, '2025-11-26', '19:06:32'),
(1957, 10, 790, 8, '2025-11-26', '19:06:32'),
(1958, 11, 950, 8, '2025-11-26', '19:06:32'),
(1959, 12, 630, 8, '2025-11-26', '19:06:32'),
(1960, 13, 590, 8, '2025-11-26', '19:06:32'),
(1961, 14, 395, 8, '2025-11-26', '19:06:32'),
(1962, 15, 475, 8, '2025-11-26', '19:06:32'),
(1963, 16, 315, 8, '2025-11-26', '19:06:32'),
(1964, 17, 295, 8, '2025-11-26', '19:06:32'),
(1965, 18, 0, 8, '2025-11-26', '19:06:32'),
(1966, 19, 0, 8, '2025-11-26', '19:06:32'),
(1967, 20, 0, 8, '2025-11-26', '19:06:32'),
(1968, 21, 0, 8, '2025-11-26', '19:06:32'),
(1969, 10, 790, 8, '2025-11-26', '19:06:32'),
(1970, 11, 950, 8, '2025-11-26', '19:06:32'),
(1971, 12, 630, 8, '2025-11-26', '19:06:32'),
(1972, 13, 590, 8, '2025-11-26', '19:06:32'),
(1973, 14, 395, 8, '2025-11-26', '19:06:32'),
(1974, 15, 475, 8, '2025-11-26', '19:06:32'),
(1975, 16, 315, 8, '2025-11-26', '19:06:32'),
(1976, 17, 295, 8, '2025-11-26', '19:06:32'),
(1977, 18, 0, 8, '2025-11-26', '19:06:32'),
(1978, 19, 0, 8, '2025-11-26', '19:06:32'),
(1979, 20, 0, 8, '2025-11-26', '19:06:32'),
(1980, 21, 0, 8, '2025-11-26', '19:06:32'),
(1981, 10, 790, 8, '2025-11-26', '19:06:32'),
(1982, 11, 950, 8, '2025-11-26', '19:06:32'),
(1983, 12, 630, 8, '2025-11-26', '19:06:32'),
(1984, 13, 590, 8, '2025-11-26', '19:06:32'),
(1985, 14, 395, 8, '2025-11-26', '19:06:32'),
(1986, 15, 475, 8, '2025-11-26', '19:06:32'),
(1987, 16, 315, 8, '2025-11-26', '19:06:32'),
(1988, 17, 295, 8, '2025-11-26', '19:06:32'),
(1989, 18, 0, 8, '2025-11-26', '19:06:32'),
(1990, 19, 0, 8, '2025-11-26', '19:06:32'),
(1991, 20, 0, 8, '2025-11-26', '19:06:32'),
(1992, 21, 0, 8, '2025-11-26', '19:06:32'),
(1993, 10, 790, 9, '2025-11-26', '19:06:32'),
(1994, 11, 950, 9, '2025-11-26', '19:06:32'),
(1995, 12, 630, 9, '2025-11-26', '19:06:32'),
(1996, 13, 590, 9, '2025-11-26', '19:06:32'),
(1997, 14, 395, 9, '2025-11-26', '19:06:32'),
(1998, 15, 475, 9, '2025-11-26', '19:06:32'),
(1999, 16, 315, 9, '2025-11-26', '19:06:32'),
(2000, 17, 295, 9, '2025-11-26', '19:06:32'),
(2001, 18, 0, 9, '2025-11-26', '19:06:32'),
(2002, 19, 0, 9, '2025-11-26', '19:06:32'),
(2003, 20, 0, 9, '2025-11-26', '19:06:32'),
(2004, 21, 0, 9, '2025-11-26', '19:06:32'),
(2005, 10, 790, 9, '2025-11-26', '19:06:32'),
(2006, 11, 949, 9, '2025-11-26', '19:06:32'),
(2007, 12, 629, 9, '2025-11-26', '19:06:32'),
(2008, 13, 590, 9, '2025-11-26', '19:06:32'),
(2009, 14, 395, 9, '2025-11-26', '19:06:32'),
(2010, 15, 474, 9, '2025-11-26', '19:06:32'),
(2011, 16, 314, 9, '2025-11-26', '19:06:32'),
(2012, 17, 295, 9, '2025-11-26', '19:06:32'),
(2013, 18, 0, 9, '2025-11-26', '19:06:32'),
(2014, 19, 0, 9, '2025-11-26', '19:06:32'),
(2015, 20, 0, 9, '2025-11-26', '19:06:32'),
(2016, 21, 0, 9, '2025-11-26', '19:06:32'),
(2017, 10, 790, 9, '2025-11-26', '19:06:32'),
(2018, 11, 950, 9, '2025-11-26', '19:06:32'),
(2019, 12, 630, 9, '2025-11-26', '19:06:32'),
(2020, 13, 590, 9, '2025-11-26', '19:06:32'),
(2021, 14, 395, 9, '2025-11-26', '19:06:32'),
(2022, 15, 475, 9, '2025-11-26', '19:06:32'),
(2023, 16, 315, 9, '2025-11-26', '19:06:32'),
(2024, 17, 295, 9, '2025-11-26', '19:06:32'),
(2025, 18, 0, 9, '2025-11-26', '19:06:32'),
(2026, 19, 0, 9, '2025-11-26', '19:06:32'),
(2027, 20, 0, 9, '2025-11-26', '19:06:32'),
(2028, 21, 0, 9, '2025-11-26', '19:06:32'),
(2029, 10, 790, 9, '2025-11-26', '19:06:32'),
(2030, 11, 950, 9, '2025-11-26', '19:06:32'),
(2031, 12, 630, 9, '2025-11-26', '19:06:32'),
(2032, 13, 590, 9, '2025-11-26', '19:06:32'),
(2033, 14, 395, 9, '2025-11-26', '19:06:32'),
(2034, 15, 475, 9, '2025-11-26', '19:06:32'),
(2035, 16, 315, 9, '2025-11-26', '19:06:32'),
(2036, 17, 295, 9, '2025-11-26', '19:06:32'),
(2037, 18, 0, 9, '2025-11-26', '19:06:32'),
(2038, 19, 0, 9, '2025-11-26', '19:06:32'),
(2039, 20, 0, 9, '2025-11-26', '19:06:32'),
(2040, 21, 0, 9, '2025-11-26', '19:06:32'),
(2041, 10, 790, 9, '2025-11-26', '19:06:33'),
(2042, 11, 950, 9, '2025-11-26', '19:06:33'),
(2043, 12, 630, 9, '2025-11-26', '19:06:33'),
(2044, 13, 590, 9, '2025-11-26', '19:06:33'),
(2045, 14, 395, 9, '2025-11-26', '19:06:33'),
(2046, 15, 475, 9, '2025-11-26', '19:06:33'),
(2047, 16, 315, 9, '2025-11-26', '19:06:33'),
(2048, 17, 295, 9, '2025-11-26', '19:06:33'),
(2049, 18, 0, 9, '2025-11-26', '19:06:33'),
(2050, 19, 0, 9, '2025-11-26', '19:06:33'),
(2051, 20, 0, 9, '2025-11-26', '19:06:33'),
(2052, 21, 0, 9, '2025-11-26', '19:06:33'),
(2053, 10, 790, 9, '2025-11-26', '19:06:33'),
(2054, 11, 950, 9, '2025-11-26', '19:06:33'),
(2055, 12, 630, 9, '2025-11-26', '19:06:33'),
(2056, 13, 590, 9, '2025-11-26', '19:06:33'),
(2057, 14, 395, 9, '2025-11-26', '19:06:33'),
(2058, 15, 475, 9, '2025-11-26', '19:06:33'),
(2059, 16, 315, 9, '2025-11-26', '19:06:33'),
(2060, 17, 295, 9, '2025-11-26', '19:06:33'),
(2061, 18, 0, 9, '2025-11-26', '19:06:33'),
(2062, 19, 0, 9, '2025-11-26', '19:06:33'),
(2063, 20, 0, 9, '2025-11-26', '19:06:33'),
(2064, 21, 0, 9, '2025-11-26', '19:06:33'),
(2065, 10, 790, 9, '2025-11-26', '19:06:33'),
(2066, 11, 950, 9, '2025-11-26', '19:06:33'),
(2067, 12, 630, 9, '2025-11-26', '19:06:33'),
(2068, 13, 590, 9, '2025-11-26', '19:06:33'),
(2069, 14, 395, 9, '2025-11-26', '19:06:33'),
(2070, 15, 475, 9, '2025-11-26', '19:06:33'),
(2071, 16, 315, 9, '2025-11-26', '19:06:33'),
(2072, 17, 295, 9, '2025-11-26', '19:06:33'),
(2073, 18, 0, 9, '2025-11-26', '19:06:33'),
(2074, 19, 0, 9, '2025-11-26', '19:06:33'),
(2075, 20, 0, 9, '2025-11-26', '19:06:33'),
(2076, 21, 0, 9, '2025-11-26', '19:06:33'),
(2077, 10, 790, 10, '2025-11-26', '19:06:33'),
(2078, 11, 950, 10, '2025-11-26', '19:06:33'),
(2079, 12, 630, 10, '2025-11-26', '19:06:33'),
(2080, 13, 590, 10, '2025-11-26', '19:06:33'),
(2081, 14, 395, 10, '2025-11-26', '19:06:33'),
(2082, 15, 475, 10, '2025-11-26', '19:06:33'),
(2083, 16, 315, 10, '2025-11-26', '19:06:33'),
(2084, 17, 295, 10, '2025-11-26', '19:06:33'),
(2085, 18, 0, 10, '2025-11-26', '19:06:33'),
(2086, 19, 0, 10, '2025-11-26', '19:06:33'),
(2087, 20, 0, 10, '2025-11-26', '19:06:33'),
(2088, 21, 0, 10, '2025-11-26', '19:06:33'),
(2089, 10, 790, 10, '2025-11-26', '19:06:33'),
(2090, 11, 950, 10, '2025-11-26', '19:06:33'),
(2091, 12, 630, 10, '2025-11-26', '19:06:33'),
(2092, 13, 590, 10, '2025-11-26', '19:06:33'),
(2093, 14, 395, 10, '2025-11-26', '19:06:33'),
(2094, 15, 475, 10, '2025-11-26', '19:06:33'),
(2095, 16, 315, 10, '2025-11-26', '19:06:33'),
(2096, 17, 295, 10, '2025-11-26', '19:06:33'),
(2097, 18, 0, 10, '2025-11-26', '19:06:33'),
(2098, 19, 0, 10, '2025-11-26', '19:06:33'),
(2099, 20, 0, 10, '2025-11-26', '19:06:33'),
(2100, 21, 0, 10, '2025-11-26', '19:06:33'),
(2101, 10, 790, 10, '2025-11-26', '19:06:33'),
(2102, 11, 950, 10, '2025-11-26', '19:06:33'),
(2103, 12, 630, 10, '2025-11-26', '19:06:33'),
(2104, 13, 590, 10, '2025-11-26', '19:06:33'),
(2105, 14, 395, 10, '2025-11-26', '19:06:33'),
(2106, 15, 475, 10, '2025-11-26', '19:06:33'),
(2107, 16, 315, 10, '2025-11-26', '19:06:33'),
(2108, 17, 295, 10, '2025-11-26', '19:06:33'),
(2109, 18, 0, 10, '2025-11-26', '19:06:33'),
(2110, 19, 0, 10, '2025-11-26', '19:06:33'),
(2111, 20, 0, 10, '2025-11-26', '19:06:33'),
(2112, 21, 0, 10, '2025-11-26', '19:06:33'),
(2113, 10, 790, 10, '2025-11-26', '19:06:34'),
(2114, 11, 950, 10, '2025-11-26', '19:06:34'),
(2115, 12, 630, 10, '2025-11-26', '19:06:34'),
(2116, 13, 590, 10, '2025-11-26', '19:06:34'),
(2117, 14, 395, 10, '2025-11-26', '19:06:34'),
(2118, 15, 475, 10, '2025-11-26', '19:06:34'),
(2119, 16, 315, 10, '2025-11-26', '19:06:34'),
(2120, 17, 295, 10, '2025-11-26', '19:06:34'),
(2121, 18, 0, 10, '2025-11-26', '19:06:34'),
(2122, 19, 0, 10, '2025-11-26', '19:06:34'),
(2123, 20, 0, 10, '2025-11-26', '19:06:34'),
(2124, 21, 0, 10, '2025-11-26', '19:06:34'),
(2125, 10, 790, 10, '2025-11-26', '19:06:34'),
(2126, 11, 950, 10, '2025-11-26', '19:06:34'),
(2127, 12, 630, 10, '2025-11-26', '19:06:34'),
(2128, 13, 590, 10, '2025-11-26', '19:06:34'),
(2129, 14, 395, 10, '2025-11-26', '19:06:34'),
(2130, 15, 475, 10, '2025-11-26', '19:06:34'),
(2131, 16, 315, 10, '2025-11-26', '19:06:34'),
(2132, 17, 295, 10, '2025-11-26', '19:06:34'),
(2133, 18, 0, 10, '2025-11-26', '19:06:34'),
(2134, 19, 0, 10, '2025-11-26', '19:06:34'),
(2135, 20, 0, 10, '2025-11-26', '19:06:34'),
(2136, 21, 0, 10, '2025-11-26', '19:06:34'),
(2137, 10, 790, 11, '2025-11-26', '19:06:34'),
(2138, 11, 950, 11, '2025-11-26', '19:06:34'),
(2139, 12, 630, 11, '2025-11-26', '19:06:34'),
(2140, 13, 590, 11, '2025-11-26', '19:06:34'),
(2141, 14, 395, 11, '2025-11-26', '19:06:34'),
(2142, 15, 475, 11, '2025-11-26', '19:06:34'),
(2143, 16, 315, 11, '2025-11-26', '19:06:34'),
(2144, 17, 295, 11, '2025-11-26', '19:06:34'),
(2145, 18, 0, 11, '2025-11-26', '19:06:34'),
(2146, 19, 0, 11, '2025-11-26', '19:06:34'),
(2147, 20, 0, 11, '2025-11-26', '19:06:34'),
(2148, 21, 0, 11, '2025-11-26', '19:06:34'),
(2149, 10, 790, 11, '2025-11-26', '19:06:34'),
(2150, 11, 950, 11, '2025-11-26', '19:06:34'),
(2151, 12, 630, 11, '2025-11-26', '19:06:34'),
(2152, 13, 590, 11, '2025-11-26', '19:06:34'),
(2153, 14, 395, 11, '2025-11-26', '19:06:34'),
(2154, 15, 475, 11, '2025-11-26', '19:06:34'),
(2155, 16, 315, 11, '2025-11-26', '19:06:34'),
(2156, 17, 295, 11, '2025-11-26', '19:06:34'),
(2157, 18, 0, 11, '2025-11-26', '19:06:34'),
(2158, 19, 0, 11, '2025-11-26', '19:06:34'),
(2159, 20, 0, 11, '2025-11-26', '19:06:34'),
(2160, 21, 0, 11, '2025-11-26', '19:06:34'),
(2161, 10, 790, 11, '2025-11-26', '19:06:34'),
(2162, 11, 950, 11, '2025-11-26', '19:06:34'),
(2163, 12, 630, 11, '2025-11-26', '19:06:34'),
(2164, 13, 590, 11, '2025-11-26', '19:06:34'),
(2165, 14, 395, 11, '2025-11-26', '19:06:34'),
(2166, 15, 475, 11, '2025-11-26', '19:06:34'),
(2167, 16, 315, 11, '2025-11-26', '19:06:34'),
(2168, 17, 295, 11, '2025-11-26', '19:06:34'),
(2169, 18, 0, 11, '2025-11-26', '19:06:34'),
(2170, 19, 0, 11, '2025-11-26', '19:06:34'),
(2171, 20, 0, 11, '2025-11-26', '19:06:34'),
(2172, 21, 0, 11, '2025-11-26', '19:06:34'),
(2173, 10, 790, 11, '2025-11-26', '19:06:34'),
(2174, 11, 950, 11, '2025-11-26', '19:06:34'),
(2175, 12, 630, 11, '2025-11-26', '19:06:34'),
(2176, 13, 590, 11, '2025-11-26', '19:06:34'),
(2177, 14, 395, 11, '2025-11-26', '19:06:34'),
(2178, 15, 475, 11, '2025-11-26', '19:06:34'),
(2179, 16, 315, 11, '2025-11-26', '19:06:34'),
(2180, 17, 295, 11, '2025-11-26', '19:06:34'),
(2181, 18, 0, 11, '2025-11-26', '19:06:34'),
(2182, 19, 0, 11, '2025-11-26', '19:06:34'),
(2183, 20, 0, 11, '2025-11-26', '19:06:34'),
(2184, 21, 0, 11, '2025-11-26', '19:06:34'),
(2185, 10, 790, 11, '2025-11-26', '19:06:35'),
(2186, 11, 950, 11, '2025-11-26', '19:06:35'),
(2187, 12, 630, 11, '2025-11-26', '19:06:35'),
(2188, 13, 590, 11, '2025-11-26', '19:06:35'),
(2189, 14, 395, 11, '2025-11-26', '19:06:35'),
(2190, 15, 475, 11, '2025-11-26', '19:06:35'),
(2191, 16, 315, 11, '2025-11-26', '19:06:35'),
(2192, 17, 295, 11, '2025-11-26', '19:06:35'),
(2193, 18, 0, 11, '2025-11-26', '19:06:35'),
(2194, 19, 0, 11, '2025-11-26', '19:06:35'),
(2195, 20, 0, 11, '2025-11-26', '19:06:35'),
(2196, 21, 0, 11, '2025-11-26', '19:06:35'),
(2197, 10, 790, 11, '2025-11-26', '19:06:35'),
(2198, 11, 950, 11, '2025-11-26', '19:06:35'),
(2199, 12, 630, 11, '2025-11-26', '19:06:35'),
(2200, 13, 590, 11, '2025-11-26', '19:06:35'),
(2201, 14, 395, 11, '2025-11-26', '19:06:35'),
(2202, 15, 475, 11, '2025-11-26', '19:06:35'),
(2203, 16, 315, 11, '2025-11-26', '19:06:35'),
(2204, 17, 295, 11, '2025-11-26', '19:06:35'),
(2205, 18, 0, 11, '2025-11-26', '19:06:35'),
(2206, 19, 0, 11, '2025-11-26', '19:06:35'),
(2207, 20, 0, 11, '2025-11-26', '19:06:35'),
(2208, 21, 0, 11, '2025-11-26', '19:06:35'),
(2209, 10, 790, 11, '2025-11-26', '19:06:35'),
(2210, 11, 950, 11, '2025-11-26', '19:06:35'),
(2211, 12, 630, 11, '2025-11-26', '19:06:35'),
(2212, 13, 590, 11, '2025-11-26', '19:06:35'),
(2213, 14, 395, 11, '2025-11-26', '19:06:35'),
(2214, 15, 475, 11, '2025-11-26', '19:06:35'),
(2215, 16, 315, 11, '2025-11-26', '19:06:35'),
(2216, 17, 295, 11, '2025-11-26', '19:06:35'),
(2217, 18, 0, 11, '2025-11-26', '19:06:35'),
(2218, 19, 0, 11, '2025-11-26', '19:06:35'),
(2219, 20, 0, 11, '2025-11-26', '19:06:35'),
(2220, 21, 0, 11, '2025-11-26', '19:06:35'),
(2221, 10, 790, 11, '2025-11-26', '19:06:35'),
(2222, 11, 950, 11, '2025-11-26', '19:06:35'),
(2223, 12, 630, 11, '2025-11-26', '19:06:35'),
(2224, 13, 590, 11, '2025-11-26', '19:06:35'),
(2225, 14, 395, 11, '2025-11-26', '19:06:35'),
(2226, 15, 475, 11, '2025-11-26', '19:06:35'),
(2227, 16, 315, 11, '2025-11-26', '19:06:35'),
(2228, 17, 295, 11, '2025-11-26', '19:06:35'),
(2229, 18, 0, 11, '2025-11-26', '19:06:35'),
(2230, 19, 0, 11, '2025-11-26', '19:06:35'),
(2231, 20, 0, 11, '2025-11-26', '19:06:35'),
(2232, 21, 0, 11, '2025-11-26', '19:06:35'),
(2233, 10, 790, 11, '2025-11-26', '19:06:35'),
(2234, 11, 950, 11, '2025-11-26', '19:06:35'),
(2235, 12, 630, 11, '2025-11-26', '19:06:35'),
(2236, 13, 590, 11, '2025-11-26', '19:06:35'),
(2237, 14, 395, 11, '2025-11-26', '19:06:35'),
(2238, 15, 475, 11, '2025-11-26', '19:06:35'),
(2239, 16, 315, 11, '2025-11-26', '19:06:35'),
(2240, 17, 295, 11, '2025-11-26', '19:06:35'),
(2241, 18, 0, 11, '2025-11-26', '19:06:35'),
(2242, 19, 0, 11, '2025-11-26', '19:06:35'),
(2243, 20, 0, 11, '2025-11-26', '19:06:35'),
(2244, 21, 0, 11, '2025-11-26', '19:06:35'),
(2245, 10, 790, 12, '2025-11-26', '19:06:35'),
(2246, 11, 950, 12, '2025-11-26', '19:06:35'),
(2247, 12, 630, 12, '2025-11-26', '19:06:35'),
(2248, 13, 590, 12, '2025-11-26', '19:06:35'),
(2249, 14, 395, 12, '2025-11-26', '19:06:35'),
(2250, 15, 475, 12, '2025-11-26', '19:06:35'),
(2251, 16, 315, 12, '2025-11-26', '19:06:35'),
(2252, 17, 295, 12, '2025-11-26', '19:06:35'),
(2253, 18, 0, 12, '2025-11-26', '19:06:35'),
(2254, 19, 0, 12, '2025-11-26', '19:06:35'),
(2255, 20, 0, 12, '2025-11-26', '19:06:35'),
(2256, 21, 0, 12, '2025-11-26', '19:06:35'),
(2257, 10, 790, 12, '2025-11-26', '19:06:35'),
(2258, 11, 950, 12, '2025-11-26', '19:06:35'),
(2259, 12, 630, 12, '2025-11-26', '19:06:35'),
(2260, 13, 590, 12, '2025-11-26', '19:06:35'),
(2261, 14, 395, 12, '2025-11-26', '19:06:35'),
(2262, 15, 475, 12, '2025-11-26', '19:06:35'),
(2263, 16, 315, 12, '2025-11-26', '19:06:35'),
(2264, 17, 295, 12, '2025-11-26', '19:06:35'),
(2265, 18, 0, 12, '2025-11-26', '19:06:35'),
(2266, 19, 0, 12, '2025-11-26', '19:06:35'),
(2267, 20, 0, 12, '2025-11-26', '19:06:35'),
(2268, 21, 0, 12, '2025-11-26', '19:06:35'),
(2269, 10, 790, 12, '2025-11-26', '19:06:35'),
(2270, 11, 950, 12, '2025-11-26', '19:06:35'),
(2271, 12, 630, 12, '2025-11-26', '19:06:35'),
(2272, 13, 590, 12, '2025-11-26', '19:06:35'),
(2273, 14, 395, 12, '2025-11-26', '19:06:35'),
(2274, 15, 475, 12, '2025-11-26', '19:06:35'),
(2275, 16, 315, 12, '2025-11-26', '19:06:35'),
(2276, 17, 295, 12, '2025-11-26', '19:06:35'),
(2277, 18, 0, 12, '2025-11-26', '19:06:35'),
(2278, 19, 0, 12, '2025-11-26', '19:06:35'),
(2279, 20, 0, 12, '2025-11-26', '19:06:35'),
(2280, 21, 0, 12, '2025-11-26', '19:06:35'),
(2281, 10, 790, 12, '2025-11-26', '19:06:35'),
(2282, 11, 950, 12, '2025-11-26', '19:06:35'),
(2283, 12, 630, 12, '2025-11-26', '19:06:35'),
(2284, 13, 590, 12, '2025-11-26', '19:06:35'),
(2285, 14, 395, 12, '2025-11-26', '19:06:35'),
(2286, 15, 475, 12, '2025-11-26', '19:06:35'),
(2287, 16, 315, 12, '2025-11-26', '19:06:35'),
(2288, 17, 295, 12, '2025-11-26', '19:06:35'),
(2289, 18, 0, 12, '2025-11-26', '19:06:35'),
(2290, 19, 0, 12, '2025-11-26', '19:06:35'),
(2291, 20, 0, 12, '2025-11-26', '19:06:35'),
(2292, 21, 0, 12, '2025-11-26', '19:06:35'),
(2293, 10, 790, 12, '2025-11-26', '19:06:35'),
(2294, 11, 950, 12, '2025-11-26', '19:06:35'),
(2295, 12, 630, 12, '2025-11-26', '19:06:35'),
(2296, 13, 590, 12, '2025-11-26', '19:06:35'),
(2297, 14, 395, 12, '2025-11-26', '19:06:35'),
(2298, 15, 475, 12, '2025-11-26', '19:06:35'),
(2299, 16, 315, 12, '2025-11-26', '19:06:35'),
(2300, 17, 295, 12, '2025-11-26', '19:06:35'),
(2301, 18, 0, 12, '2025-11-26', '19:06:35'),
(2302, 19, 0, 12, '2025-11-26', '19:06:35'),
(2303, 20, 0, 12, '2025-11-26', '19:06:35'),
(2304, 21, 0, 12, '2025-11-26', '19:06:35'),
(2305, 10, 790, 12, '2025-11-26', '19:06:36'),
(2306, 11, 950, 12, '2025-11-26', '19:06:36'),
(2307, 12, 630, 12, '2025-11-26', '19:06:36'),
(2308, 13, 590, 12, '2025-11-26', '19:06:36'),
(2309, 14, 395, 12, '2025-11-26', '19:06:36'),
(2310, 15, 475, 12, '2025-11-26', '19:06:36'),
(2311, 16, 315, 12, '2025-11-26', '19:06:36'),
(2312, 17, 295, 12, '2025-11-26', '19:06:36'),
(2313, 18, 0, 12, '2025-11-26', '19:06:36'),
(2314, 19, 0, 12, '2025-11-26', '19:06:36'),
(2315, 20, 0, 12, '2025-11-26', '19:06:36'),
(2316, 21, 0, 12, '2025-11-26', '19:06:36'),
(2317, 10, 790, 12, '2025-11-26', '19:06:36'),
(2318, 11, 950, 12, '2025-11-26', '19:06:36'),
(2319, 12, 630, 12, '2025-11-26', '19:06:36'),
(2320, 13, 590, 12, '2025-11-26', '19:06:36'),
(2321, 14, 395, 12, '2025-11-26', '19:06:36');
INSERT INTO `int_proceso_vars_data` (`id`, `int_proceso_vars_id`, `valor`, `tiempo`, `fecha`, `hora`) VALUES
(2322, 15, 475, 12, '2025-11-26', '19:06:36'),
(2323, 16, 315, 12, '2025-11-26', '19:06:36'),
(2324, 17, 295, 12, '2025-11-26', '19:06:36'),
(2325, 18, 0, 12, '2025-11-26', '19:06:36'),
(2326, 19, 0, 12, '2025-11-26', '19:06:36'),
(2327, 20, 0, 12, '2025-11-26', '19:06:36'),
(2328, 21, 0, 12, '2025-11-26', '19:06:36'),
(2329, 10, 790, 12, '2025-11-26', '19:06:36'),
(2330, 11, 950, 12, '2025-11-26', '19:06:36'),
(2331, 12, 630, 12, '2025-11-26', '19:06:36'),
(2332, 13, 590, 12, '2025-11-26', '19:06:36'),
(2333, 14, 395, 12, '2025-11-26', '19:06:36'),
(2334, 15, 475, 12, '2025-11-26', '19:06:36'),
(2335, 16, 315, 12, '2025-11-26', '19:06:36'),
(2336, 17, 295, 12, '2025-11-26', '19:06:36'),
(2337, 18, 0, 12, '2025-11-26', '19:06:36'),
(2338, 19, 0, 12, '2025-11-26', '19:06:36'),
(2339, 20, 0, 12, '2025-11-26', '19:06:36'),
(2340, 21, 0, 12, '2025-11-26', '19:06:36'),
(2341, 10, 790, 12, '2025-11-26', '19:06:36'),
(2342, 11, 950, 12, '2025-11-26', '19:06:36'),
(2343, 12, 630, 12, '2025-11-26', '19:06:36'),
(2344, 13, 590, 12, '2025-11-26', '19:06:36'),
(2345, 14, 395, 12, '2025-11-26', '19:06:36'),
(2346, 15, 475, 12, '2025-11-26', '19:06:36'),
(2347, 16, 315, 12, '2025-11-26', '19:06:36'),
(2348, 17, 295, 12, '2025-11-26', '19:06:36'),
(2349, 18, 0, 12, '2025-11-26', '19:06:36'),
(2350, 19, 0, 12, '2025-11-26', '19:06:36'),
(2351, 20, 0, 12, '2025-11-26', '19:06:36'),
(2352, 21, 0, 12, '2025-11-26', '19:06:36'),
(2353, 10, 790, 12, '2025-11-26', '19:06:36'),
(2354, 11, 950, 12, '2025-11-26', '19:06:36'),
(2355, 12, 630, 12, '2025-11-26', '19:06:36'),
(2356, 13, 590, 12, '2025-11-26', '19:06:36'),
(2357, 14, 395, 12, '2025-11-26', '19:06:36'),
(2358, 15, 475, 12, '2025-11-26', '19:06:36'),
(2359, 16, 315, 12, '2025-11-26', '19:06:36'),
(2360, 17, 295, 12, '2025-11-26', '19:06:36'),
(2361, 18, 0, 12, '2025-11-26', '19:06:36'),
(2362, 19, 0, 12, '2025-11-26', '19:06:36'),
(2363, 20, 0, 12, '2025-11-26', '19:06:36'),
(2364, 21, 0, 12, '2025-11-26', '19:06:36'),
(2365, 10, 790, 13, '2025-11-26', '19:06:36'),
(2366, 11, 950, 13, '2025-11-26', '19:06:36'),
(2367, 12, 630, 13, '2025-11-26', '19:06:36'),
(2368, 13, 590, 13, '2025-11-26', '19:06:36'),
(2369, 14, 395, 13, '2025-11-26', '19:06:36'),
(2370, 15, 475, 13, '2025-11-26', '19:06:36'),
(2371, 16, 315, 13, '2025-11-26', '19:06:36'),
(2372, 17, 295, 13, '2025-11-26', '19:06:36'),
(2373, 18, 0, 13, '2025-11-26', '19:06:36'),
(2374, 19, 0, 13, '2025-11-26', '19:06:36'),
(2375, 20, 0, 13, '2025-11-26', '19:06:36'),
(2376, 21, 0, 13, '2025-11-26', '19:06:36'),
(2377, 10, 790, 13, '2025-11-26', '19:06:36'),
(2378, 11, 950, 13, '2025-11-26', '19:06:36'),
(2379, 12, 630, 13, '2025-11-26', '19:06:36'),
(2380, 13, 590, 13, '2025-11-26', '19:06:36'),
(2381, 14, 395, 13, '2025-11-26', '19:06:36'),
(2382, 15, 475, 13, '2025-11-26', '19:06:36'),
(2383, 16, 315, 13, '2025-11-26', '19:06:36'),
(2384, 17, 295, 13, '2025-11-26', '19:06:36'),
(2385, 18, 0, 13, '2025-11-26', '19:06:36'),
(2386, 19, 0, 13, '2025-11-26', '19:06:36'),
(2387, 20, 0, 13, '2025-11-26', '19:06:36'),
(2388, 21, 0, 13, '2025-11-26', '19:06:36'),
(2389, 10, 790, 13, '2025-11-26', '19:06:36'),
(2390, 11, 950, 13, '2025-11-26', '19:06:36'),
(2391, 12, 630, 13, '2025-11-26', '19:06:36'),
(2392, 13, 590, 13, '2025-11-26', '19:06:36'),
(2393, 14, 395, 13, '2025-11-26', '19:06:36'),
(2394, 15, 475, 13, '2025-11-26', '19:06:36'),
(2395, 16, 315, 13, '2025-11-26', '19:06:36'),
(2396, 17, 295, 13, '2025-11-26', '19:06:36'),
(2397, 18, 0, 13, '2025-11-26', '19:06:36'),
(2398, 19, 0, 13, '2025-11-26', '19:06:36'),
(2399, 20, 0, 13, '2025-11-26', '19:06:36'),
(2400, 21, 0, 13, '2025-11-26', '19:06:36'),
(2401, 10, 790, 13, '2025-11-26', '19:06:36'),
(2402, 11, 950, 13, '2025-11-26', '19:06:36'),
(2403, 12, 630, 13, '2025-11-26', '19:06:36'),
(2404, 13, 590, 13, '2025-11-26', '19:06:36'),
(2405, 14, 395, 13, '2025-11-26', '19:06:36'),
(2406, 15, 475, 13, '2025-11-26', '19:06:36'),
(2407, 16, 315, 13, '2025-11-26', '19:06:36'),
(2408, 17, 295, 13, '2025-11-26', '19:06:36'),
(2409, 18, 0, 13, '2025-11-26', '19:06:36'),
(2410, 19, 0, 13, '2025-11-26', '19:06:36'),
(2411, 20, 0, 13, '2025-11-26', '19:06:36'),
(2412, 21, 0, 13, '2025-11-26', '19:06:36'),
(2413, 10, 790, 13, '2025-11-26', '19:06:36'),
(2414, 11, 950, 13, '2025-11-26', '19:06:36'),
(2415, 12, 630, 13, '2025-11-26', '19:06:36'),
(2416, 13, 590, 13, '2025-11-26', '19:06:36'),
(2417, 14, 395, 13, '2025-11-26', '19:06:36'),
(2418, 15, 475, 13, '2025-11-26', '19:06:36'),
(2419, 16, 315, 13, '2025-11-26', '19:06:36'),
(2420, 17, 295, 13, '2025-11-26', '19:06:36'),
(2421, 18, 0, 13, '2025-11-26', '19:06:36'),
(2422, 19, 0, 13, '2025-11-26', '19:06:36'),
(2423, 20, 0, 13, '2025-11-26', '19:06:36'),
(2424, 21, 0, 13, '2025-11-26', '19:06:36'),
(2425, 10, 790, 13, '2025-11-26', '19:06:37'),
(2426, 11, 950, 13, '2025-11-26', '19:06:37'),
(2427, 12, 630, 13, '2025-11-26', '19:06:37'),
(2428, 13, 590, 13, '2025-11-26', '19:06:37'),
(2429, 14, 395, 13, '2025-11-26', '19:06:37'),
(2430, 15, 475, 13, '2025-11-26', '19:06:37'),
(2431, 16, 315, 13, '2025-11-26', '19:06:37'),
(2432, 17, 295, 13, '2025-11-26', '19:06:37'),
(2433, 18, 0, 13, '2025-11-26', '19:06:37'),
(2434, 19, 0, 13, '2025-11-26', '19:06:37'),
(2435, 20, 0, 13, '2025-11-26', '19:06:37'),
(2436, 21, 0, 13, '2025-11-26', '19:06:37'),
(2437, 10, 790, 13, '2025-11-26', '19:06:37'),
(2438, 11, 950, 13, '2025-11-26', '19:06:37'),
(2439, 12, 630, 13, '2025-11-26', '19:06:37'),
(2440, 13, 590, 13, '2025-11-26', '19:06:37'),
(2441, 14, 395, 13, '2025-11-26', '19:06:37'),
(2442, 15, 475, 13, '2025-11-26', '19:06:37'),
(2443, 16, 315, 13, '2025-11-26', '19:06:37'),
(2444, 17, 295, 13, '2025-11-26', '19:06:37'),
(2445, 18, 0, 13, '2025-11-26', '19:06:37'),
(2446, 19, 0, 13, '2025-11-26', '19:06:37'),
(2447, 20, 0, 13, '2025-11-26', '19:06:37'),
(2448, 21, 0, 13, '2025-11-26', '19:06:37'),
(2449, 10, 788, 18, '2025-11-26', '19:06:42'),
(2450, 11, 947, 18, '2025-11-26', '19:06:42'),
(2451, 12, 545, 18, '2025-11-26', '19:06:42'),
(2452, 13, 588, 18, '2025-11-26', '19:06:42'),
(2453, 14, 394, 18, '2025-11-26', '19:06:42'),
(2454, 15, 473, 18, '2025-11-26', '19:06:42'),
(2455, 16, 272, 18, '2025-11-26', '19:06:42'),
(2456, 17, 294, 18, '2025-11-26', '19:06:42'),
(2457, 18, 0, 18, '2025-11-26', '19:06:42'),
(2458, 19, 0, 18, '2025-11-26', '19:06:42'),
(2459, 20, 0, 18, '2025-11-26', '19:06:42'),
(2460, 21, 0, 18, '2025-11-26', '19:06:42'),
(2461, 10, 771, 23, '2025-11-26', '19:06:47'),
(2462, 11, 927, 23, '2025-11-26', '19:06:47'),
(2463, 12, 522, 23, '2025-11-26', '19:06:47'),
(2464, 13, 576, 23, '2025-11-26', '19:06:47'),
(2465, 14, 385, 23, '2025-11-26', '19:06:47'),
(2466, 15, 463, 23, '2025-11-26', '19:06:47'),
(2467, 16, 261, 23, '2025-11-26', '19:06:47'),
(2468, 17, 288, 23, '2025-11-26', '19:06:47'),
(2469, 18, 0, 23, '2025-11-26', '19:06:47'),
(2470, 19, 0, 23, '2025-11-26', '19:06:47'),
(2471, 20, 0, 23, '2025-11-26', '19:06:47'),
(2472, 21, 0, 23, '2025-11-26', '19:06:47'),
(2473, 10, 772, 28, '2025-11-26', '19:06:52'),
(2474, 11, 928, 28, '2025-11-26', '19:06:52'),
(2475, 12, 513, 28, '2025-11-26', '19:06:52'),
(2476, 13, 577, 28, '2025-11-26', '19:06:52'),
(2477, 14, 386, 28, '2025-11-26', '19:06:52'),
(2478, 15, 464, 28, '2025-11-26', '19:06:52'),
(2479, 16, 256, 28, '2025-11-26', '19:06:52'),
(2480, 17, 288, 28, '2025-11-26', '19:06:52'),
(2481, 18, 0, 28, '2025-11-26', '19:06:52'),
(2482, 19, 0, 28, '2025-11-26', '19:06:52'),
(2483, 20, 0, 28, '2025-11-26', '19:06:52'),
(2484, 21, 0, 28, '2025-11-26', '19:06:52'),
(2485, 10, 770, 33, '2025-11-26', '19:06:57'),
(2486, 11, 926, 33, '2025-11-26', '19:06:57'),
(2487, 12, 507, 33, '2025-11-26', '19:06:57'),
(2488, 13, 575, 33, '2025-11-26', '19:06:57'),
(2489, 14, 385, 33, '2025-11-26', '19:06:57'),
(2490, 15, 463, 33, '2025-11-26', '19:06:57'),
(2491, 16, 253, 33, '2025-11-26', '19:06:57'),
(2492, 17, 287, 33, '2025-11-26', '19:06:57'),
(2493, 18, 0, 33, '2025-11-26', '19:06:57'),
(2494, 19, 0, 33, '2025-11-26', '19:06:57'),
(2495, 20, 0, 33, '2025-11-26', '19:06:57'),
(2496, 21, 0, 33, '2025-11-26', '19:06:57'),
(2497, 10, 757, 38, '2025-11-26', '19:07:02'),
(2498, 11, 910, 38, '2025-11-26', '19:07:02'),
(2499, 12, 495, 38, '2025-11-26', '19:07:02'),
(2500, 13, 565, 38, '2025-11-26', '19:07:02'),
(2501, 14, 378, 38, '2025-11-26', '19:07:02'),
(2502, 15, 455, 38, '2025-11-26', '19:07:02'),
(2503, 16, 247, 38, '2025-11-26', '19:07:02'),
(2504, 17, 282, 38, '2025-11-26', '19:07:02'),
(2505, 18, 0, 38, '2025-11-26', '19:07:02'),
(2506, 19, 0, 38, '2025-11-26', '19:07:02'),
(2507, 20, 0, 38, '2025-11-26', '19:07:02'),
(2508, 21, 0, 38, '2025-11-26', '19:07:02');

-- --------------------------------------------------------

--
-- Estructura de tabla para la tabla `int_usuarios`
--

CREATE TABLE `int_usuarios` (
  `id` int(10) UNSIGNED NOT NULL,
  `int_usuarios_tipo_id` int(10) UNSIGNED NOT NULL,
  `nombres` varchar(255) NOT NULL,
  `apellidos` varchar(255) NOT NULL,
  `email` blob NOT NULL,
  `clave` varchar(30) NOT NULL
) ENGINE=InnoDB DEFAULT CHARSET=utf8 COLLATE=utf8_unicode_ci;

--
-- Volcado de datos para la tabla `int_usuarios`
--

INSERT INTO `int_usuarios` (`id`, `int_usuarios_tipo_id`, `nombres`, `apellidos`, `email`, `clave`) VALUES
(1, 1, 'Super', 'User', 0x726f6f7440756e6976616c6c652e6564752e636f, '1234'),
(2, 2, 'Exp. 1', 'Controller', 0x657870312e636f6e74726f6c40756e6976616c6c652e6564752e636f, '1234'),
(3, 3, 'Exp. 2', 'Controller', 0x657870322e636f6e74726f6c40756e6976616c6c652e6564752e636f, '1234'),
(4, 4, 'Exp. 3', 'Controller', 0x657870332e636f6e74726f6c40756e6976616c6c652e6564752e636f, '1234'),
(5, 5, 'Exp. 1', 'Monitor1', 0x657870312e6d6f6e69746f723140756e6976616c6c652e6564752e636f, '1234'),
(6, 5, 'Exp. 1', 'Monitor2', 0x657870312e6d6f6e69746f723240756e6976616c6c652e6564752e636f, '1234'),
(7, 6, 'Exp. 2', 'Monitor1', 0x657870322e6d6f6e69746f723140756e6976616c6c652e6564752e636f, '1234'),
(8, 6, 'Exp. 2', 'Monitor2', 0x657870322e6d6f6e69746f723240756e6976616c6c652e6564752e636f, '1234'),
(9, 7, 'Exp. 3', 'Monitor1', 0x657870332e6d6f6e69746f723140756e6976616c6c652e6564752e636f, '1234'),
(10, 7, 'Exp. 3', 'Monitor2', 0x657870332e6d6f6e69746f723240756e6976616c6c652e6564752e636f, '1234');

-- --------------------------------------------------------

--
-- Estructura de tabla para la tabla `int_usuarios_priv`
--

CREATE TABLE `int_usuarios_priv` (
  `id` int(10) UNSIGNED NOT NULL,
  `int_usuarios_tipo_id` int(10) UNSIGNED NOT NULL,
  `control` enum('0','1') NOT NULL,
  `configuracion` enum('0','1') NOT NULL,
  `descarga_datos` enum('0','1') NOT NULL,
  `monitor` enum('0','1') NOT NULL,
  `envio_datos` enum('0','1') NOT NULL
) ENGINE=InnoDB DEFAULT CHARSET=utf8 COLLATE=utf8_unicode_ci;

--
-- Volcado de datos para la tabla `int_usuarios_priv`
--

INSERT INTO `int_usuarios_priv` (`id`, `int_usuarios_tipo_id`, `control`, `configuracion`, `descarga_datos`, `monitor`, `envio_datos`) VALUES
(1, 1, '1', '1', '1', '1', '1'),
(2, 2, '1', '1', '1', '1', '1'),
(3, 3, '1', '1', '1', '0', '1'),
(4, 4, '1', '1', '1', '1', '1'),
(5, 5, '0', '0', '1', '1', '0'),
(6, 6, '0', '0', '1', '1', '0'),
(7, 7, '0', '0', '1', '1', '0');

-- --------------------------------------------------------

--
-- Estructura de tabla para la tabla `int_usuarios_proceso`
--

CREATE TABLE `int_usuarios_proceso` (
  `id` int(10) UNSIGNED NOT NULL,
  `int_proceso_id` int(10) UNSIGNED NOT NULL,
  `int_usuarios_id` int(10) UNSIGNED NOT NULL,
  `fecha` date NOT NULL,
  `hora_inicio` time NOT NULL,
  `hora_fin` time NOT NULL,
  `hits` int(10) UNSIGNED NOT NULL
) ENGINE=InnoDB DEFAULT CHARSET=utf8 COLLATE=utf8_unicode_ci;

--
-- Volcado de datos para la tabla `int_usuarios_proceso`
--

INSERT INTO `int_usuarios_proceso` (`id`, `int_proceso_id`, `int_usuarios_id`, `fecha`, `hora_inicio`, `hora_fin`, `hits`) VALUES
(1, 1, 2, '2014-05-05', '08:00:00', '10:00:00', 1),
(2, 1, 2, '2014-05-06', '08:00:00', '10:00:00', 1),
(3, 1, 2, '2014-05-07', '08:00:00', '10:00:00', 1),
(4, 1, 5, '2014-05-05', '10:00:00', '11:00:00', 1),
(5, 1, 5, '2014-05-05', '08:00:00', '10:00:00', 1),
(6, 1, 6, '2014-05-06', '10:00:00', '11:00:00', 1),
(7, 1, 6, '2014-05-06', '08:00:00', '10:00:00', 1),
(8, 1, 6, '2014-05-06', '12:00:00', '13:00:00', 1),
(9, 2, 3, '2014-05-07', '08:00:00', '10:00:00', 1),
(10, 2, 3, '2014-05-07', '14:00:00', '16:00:00', 1),
(11, 2, 3, '2014-05-08', '10:00:00', '12:00:00', 1),
(12, 2, 7, '2014-05-07', '10:00:00', '12:00:00', 1),
(13, 2, 7, '2014-05-08', '10:00:00', '12:00:00', 1),
(14, 2, 8, '2014-05-08', '10:00:00', '12:00:00', 1),
(15, 2, 8, '2014-05-07', '10:00:00', '12:00:00', 1),
(16, 2, 8, '2014-05-07', '14:00:00', '16:00:00', 1),
(17, 2, 8, '2014-05-09', '14:00:00', '16:00:00', 1);

-- --------------------------------------------------------

--
-- Estructura de tabla para la tabla `int_usuarios_tipo`
--

CREATE TABLE `int_usuarios_tipo` (
  `id` int(10) UNSIGNED NOT NULL,
  `nombre` varchar(80) NOT NULL,
  `descripcion` blob NOT NULL
) ENGINE=InnoDB DEFAULT CHARSET=utf8 COLLATE=utf8_unicode_ci;

--
-- Volcado de datos para la tabla `int_usuarios_tipo`
--

INSERT INTO `int_usuarios_tipo` (`id`, `nombre`, `descripcion`) VALUES
(1, 'Admin', 0x41646d696e6973747261646f72),
(2, 'ControlExp1', 0x436f6e74726f6c61646f72204578702e204e6f2e2031),
(3, 'ControlExp2', 0x436f6e74726f6c61646f72204578702e204e6f2e2032),
(4, 'ControlExp3', 0x436f6e74726f6c61646f72204578702e204e6f2e2033),
(5, 'ViewExp1', 0x537570657276697369c3b36e204578702e204e6f2e2031),
(6, 'ViewExp2', 0x537570657276697369c3b36e204578702e204e6f2e2032),
(7, 'ViewExp3', 0x537570657276697369c3b36e204578702e204e6f2e2033);

--
-- Índices para tablas volcadas
--

--
-- Indices de la tabla `int_proceso`
--
ALTER TABLE `int_proceso`
  ADD PRIMARY KEY (`id`),
  ADD KEY `int_proceo_FKIndex1` (`int_proceso_tipo_id`);

--
-- Indices de la tabla `int_proceso_control`
--
ALTER TABLE `int_proceso_control`
  ADD PRIMARY KEY (`id`),
  ADD KEY `int_proceso_control_FKIndex1` (`int_proceso_id`);

--
-- Indices de la tabla `int_proceso_refs`
--
ALTER TABLE `int_proceso_refs`
  ADD PRIMARY KEY (`id`),
  ADD KEY `int_proceso_refs_FKIndex1` (`int_proceso_id`);

--
-- Indices de la tabla `int_proceso_refs_data`
--
ALTER TABLE `int_proceso_refs_data`
  ADD PRIMARY KEY (`id`),
  ADD KEY `int_proceso_refs_data_FKIndex1` (`int_proceso_refs_id`);

--
-- Indices de la tabla `int_proceso_tipo`
--
ALTER TABLE `int_proceso_tipo`
  ADD PRIMARY KEY (`id`);

--
-- Indices de la tabla `int_proceso_vars`
--
ALTER TABLE `int_proceso_vars`
  ADD PRIMARY KEY (`id`),
  ADD KEY `int_proceso_vars_FKIndex1` (`int_proceso_id`);

--
-- Indices de la tabla `int_proceso_vars_data`
--
ALTER TABLE `int_proceso_vars_data`
  ADD PRIMARY KEY (`id`),
  ADD KEY `int_proceso_vars_data_FKIndex1` (`int_proceso_vars_id`);

--
-- Indices de la tabla `int_usuarios`
--
ALTER TABLE `int_usuarios`
  ADD PRIMARY KEY (`id`),
  ADD KEY `int_usuarios_FKIndex1` (`int_usuarios_tipo_id`);

--
-- Indices de la tabla `int_usuarios_priv`
--
ALTER TABLE `int_usuarios_priv`
  ADD PRIMARY KEY (`id`),
  ADD KEY `int_usuarios_priv_FKIndex1` (`int_usuarios_tipo_id`);

--
-- Indices de la tabla `int_usuarios_proceso`
--
ALTER TABLE `int_usuarios_proceso`
  ADD PRIMARY KEY (`id`),
  ADD KEY `Table_12_FKIndex1` (`int_usuarios_id`),
  ADD KEY `Table_12_FKIndex2` (`int_proceso_id`);

--
-- Indices de la tabla `int_usuarios_tipo`
--
ALTER TABLE `int_usuarios_tipo`
  ADD PRIMARY KEY (`id`);

--
-- AUTO_INCREMENT de las tablas volcadas
--

--
-- AUTO_INCREMENT de la tabla `int_proceso`
--
ALTER TABLE `int_proceso`
  MODIFY `id` int(10) UNSIGNED NOT NULL AUTO_INCREMENT, AUTO_INCREMENT=4;

--
-- AUTO_INCREMENT de la tabla `int_proceso_control`
--
ALTER TABLE `int_proceso_control`
  MODIFY `id` int(10) UNSIGNED NOT NULL AUTO_INCREMENT, AUTO_INCREMENT=3;

--
-- AUTO_INCREMENT de la tabla `int_proceso_refs`
--
ALTER TABLE `int_proceso_refs`
  MODIFY `id` int(10) UNSIGNED NOT NULL AUTO_INCREMENT, AUTO_INCREMENT=8;

--
-- AUTO_INCREMENT de la tabla `int_proceso_refs_data`
--
ALTER TABLE `int_proceso_refs_data`
  MODIFY `id` int(10) UNSIGNED NOT NULL AUTO_INCREMENT;

--
-- AUTO_INCREMENT de la tabla `int_proceso_tipo`
--
ALTER TABLE `int_proceso_tipo`
  MODIFY `id` int(10) UNSIGNED NOT NULL AUTO_INCREMENT, AUTO_INCREMENT=4;

--
-- AUTO_INCREMENT de la tabla `int_proceso_vars`
--
ALTER TABLE `int_proceso_vars`
  MODIFY `id` int(10) UNSIGNED NOT NULL AUTO_INCREMENT, AUTO_INCREMENT=22;

--
-- AUTO_INCREMENT de la tabla `int_proceso_vars_data`
--
ALTER TABLE `int_proceso_vars_data`
  MODIFY `id` int(10) UNSIGNED NOT NULL AUTO_INCREMENT, AUTO_INCREMENT=2509;

--
-- AUTO_INCREMENT de la tabla `int_usuarios`
--
ALTER TABLE `int_usuarios`
  MODIFY `id` int(10) UNSIGNED NOT NULL AUTO_INCREMENT, AUTO_INCREMENT=11;

--
-- AUTO_INCREMENT de la tabla `int_usuarios_priv`
--
ALTER TABLE `int_usuarios_priv`
  MODIFY `id` int(10) UNSIGNED NOT NULL AUTO_INCREMENT, AUTO_INCREMENT=8;

--
-- AUTO_INCREMENT de la tabla `int_usuarios_proceso`
--
ALTER TABLE `int_usuarios_proceso`
  MODIFY `id` int(10) UNSIGNED NOT NULL AUTO_INCREMENT, AUTO_INCREMENT=18;

--
-- AUTO_INCREMENT de la tabla `int_usuarios_tipo`
--
ALTER TABLE `int_usuarios_tipo`
  MODIFY `id` int(10) UNSIGNED NOT NULL AUTO_INCREMENT, AUTO_INCREMENT=8;

--
-- Restricciones para tablas volcadas
--

--
-- Filtros para la tabla `int_proceso`
--
ALTER TABLE `int_proceso`
  ADD CONSTRAINT `int_proceso_ibfk_1` FOREIGN KEY (`int_proceso_tipo_id`) REFERENCES `int_proceso_tipo` (`id`) ON UPDATE NO ACTION;

--
-- Filtros para la tabla `int_proceso_control`
--
ALTER TABLE `int_proceso_control`
  ADD CONSTRAINT `int_proceso_control_ibfk_1` FOREIGN KEY (`int_proceso_id`) REFERENCES `int_proceso` (`id`) ON UPDATE NO ACTION;

--
-- Filtros para la tabla `int_proceso_refs`
--
ALTER TABLE `int_proceso_refs`
  ADD CONSTRAINT `int_proceso_refs_ibfk_1` FOREIGN KEY (`int_proceso_id`) REFERENCES `int_proceso` (`id`) ON UPDATE NO ACTION;

--
-- Filtros para la tabla `int_proceso_refs_data`
--
ALTER TABLE `int_proceso_refs_data`
  ADD CONSTRAINT `int_proceso_refs_data_ibfk_1` FOREIGN KEY (`int_proceso_refs_id`) REFERENCES `int_proceso_refs` (`id`) ON UPDATE NO ACTION;

--
-- Filtros para la tabla `int_proceso_vars`
--
ALTER TABLE `int_proceso_vars`
  ADD CONSTRAINT `int_proceso_vars_ibfk_1` FOREIGN KEY (`int_proceso_id`) REFERENCES `int_proceso` (`id`) ON UPDATE NO ACTION;

--
-- Filtros para la tabla `int_proceso_vars_data`
--
ALTER TABLE `int_proceso_vars_data`
  ADD CONSTRAINT `int_proceso_vars_data_ibfk_1` FOREIGN KEY (`int_proceso_vars_id`) REFERENCES `int_proceso_vars` (`id`) ON UPDATE NO ACTION;

--
-- Filtros para la tabla `int_usuarios`
--
ALTER TABLE `int_usuarios`
  ADD CONSTRAINT `int_usuarios_ibfk_1` FOREIGN KEY (`int_usuarios_tipo_id`) REFERENCES `int_usuarios_tipo` (`id`) ON UPDATE NO ACTION;

--
-- Filtros para la tabla `int_usuarios_priv`
--
ALTER TABLE `int_usuarios_priv`
  ADD CONSTRAINT `int_usuarios_priv_ibfk_1` FOREIGN KEY (`int_usuarios_tipo_id`) REFERENCES `int_usuarios_tipo` (`id`) ON UPDATE NO ACTION;

--
-- Filtros para la tabla `int_usuarios_proceso`
--
ALTER TABLE `int_usuarios_proceso`
  ADD CONSTRAINT `int_usuarios_proceso_ibfk_1` FOREIGN KEY (`int_usuarios_id`) REFERENCES `int_usuarios` (`id`) ON UPDATE NO ACTION,
  ADD CONSTRAINT `int_usuarios_proceso_ibfk_2` FOREIGN KEY (`int_proceso_id`) REFERENCES `int_proceso` (`id`) ON UPDATE NO ACTION;
COMMIT;

/*!40101 SET CHARACTER_SET_CLIENT=@OLD_CHARACTER_SET_CLIENT */;
/*!40101 SET CHARACTER_SET_RESULTS=@OLD_CHARACTER_SET_RESULTS */;
/*!40101 SET COLLATION_CONNECTION=@OLD_COLLATION_CONNECTION */;
